{
"type": "FeatureCollection",
"name": "SELECT",
"crs": { "type": "name", "properties": { "name": "urn:ogc:def:crs:EPSG::6668" } },
"features": [
{ "type": "Feature", "properties": { "name": "三重県" }, "geometry": { "type": "MultiPolygon", "coordinates": [ [ [ [ 136.909, 34.503 ], [ 136.888, 34.477 ], [ 136.875, 34.484 ], [ 136.878, 34.494 ], [ 136.909, 34.503 ] ] ], [ [ [ 135.853, 33.862 ], [ 135.862, 33.877 ], [ 135.871, 33.859 ], [ 135.898, 33.87 ], [ 135.879, 33.909 ], [ 135.894, 33.921 ], [ 135.933, 33.917 ], [ 135.917, 33.924 ], [ 135.929, 33.941 ], [ 135.967, 33.928 ], [ 135.977, 33.967 ], [ 136.012, 33.967 ], [ 135.995, 34.001 ], [ 136.019, 34.037 ], [ 136.104, 34.026 ], [ 136.093, 34.083 ], [ 136.119, 34.082 ], [ 136.099, 34.119 ], [ 136.115, 34.161 ], [ 136.093, 34.19 ], [ 136.132, 34.252 ], [ 136.095, 34.301 ], [ 136.13, 34.316 ], [ 136.069, 34.394 ], [ 136.096, 34.435 ], [ 136.206, 34.449 ], [ 136.23, 34.493 ], [ 136.215, 34.529 ], [ 136.168, 34.52 ], [ 136.155, 34.56 ], [ 136.114, 34.546 ], [ 136.05, 34.58 ], [ 136.074, 34.635 ], [ 136.04, 34.661 ], [ 136.064, 34.652 ], [ 136.086, 34.675 ], [ 136.054, 34.704 ], [ 136.068, 34.724 ], [ 136.029, 34.757 ], [ 136.02, 34.79 ], [ 136.091, 34.812 ], [ 136.086, 34.838 ], [ 136.126, 34.862 ], [ 136.086, 34.877 ], [ 136.111, 34.902 ], [ 136.251, 34.858 ], [ 136.366, 34.905 ], [ 136.373, 34.942 ], [ 136.416, 34.981 ], [ 136.418, 35.049 ], [ 136.442, 35.066 ], [ 136.436, 35.131 ], [ 136.455, 35.162 ], [ 136.409, 35.187 ], [ 136.415, 35.22 ], [ 136.506, 35.235 ], [ 136.534, 35.257 ], [ 136.616, 35.15 ], [ 136.645, 35.145 ], [ 136.652, 35.163 ], [ 136.75, 35.08 ], [ 136.773, 35.024 ], [ 136.75, 35.037 ], [ 136.666, 34.999 ], [ 136.676, 34.984 ], [ 136.65, 34.977 ], [ 136.652, 34.992 ], [ 136.65, 34.991 ], [ 136.634, 34.949 ], [ 136.667, 34.937 ], [ 136.646, 34.934 ], [ 136.619, 34.855 ], [ 136.531, 34.747 ], [ 136.522, 34.688 ], [ 136.558, 34.671 ], [ 136.527, 34.611 ], [ 136.63, 34.598 ], [ 136.667, 34.558 ], [ 136.81, 34.508 ], [ 136.816, 34.484 ], [ 136.833, 34.506 ], [ 136.847, 34.481 ], [ 136.877, 34.474 ], [ 136.864, 34.461 ], [ 136.885, 34.45 ], [ 136.876, 34.429 ], [ 136.896, 34.453 ], [ 136.923, 34.447 ], [ 136.913, 34.376 ], [ 136.889, 34.392 ], [ 136.858, 34.364 ], [ 136.856, 34.368 ], [ 136.847, 34.373 ], [ 136.812, 34.368 ], [ 136.827, 34.353 ], [ 136.864, 34.365 ], [ 136.867, 34.343 ], [ 136.892, 34.366 ], [ 136.909, 34.365 ], [ 136.878, 34.335 ], [ 136.902, 34.278 ], [ 136.848, 34.247 ], [ 136.765, 34.26 ], [ 136.75, 34.27 ], [ 136.769, 34.279 ], [ 136.859, 34.265 ], [ 136.859, 34.28 ], [ 136.833, 34.27 ], [ 136.828, 34.285 ], [ 136.866, 34.288 ], [ 136.827, 34.301 ], [ 136.848, 34.304 ], [ 136.848, 34.314 ], [ 136.805, 34.308 ], [ 136.807, 34.328 ], [ 136.799, 34.29 ], [ 136.762, 34.316 ], [ 136.752, 34.299 ], [ 136.76, 34.298 ], [ 136.765, 34.291 ], [ 136.721, 34.304 ], [ 136.712, 34.294 ], [ 136.688, 34.284 ], [ 136.694, 34.319 ], [ 136.717, 34.322 ], [ 136.727, 34.343 ], [ 136.692, 34.348 ], [ 136.695, 34.335 ], [ 136.683, 34.324 ], [ 136.691, 34.345 ], [ 136.662, 34.346 ], [ 136.673, 34.324 ], [ 136.658, 34.328 ], [ 136.66, 34.32 ], [ 136.651, 34.323 ], [ 136.649, 34.316 ], [ 136.638, 34.313 ], [ 136.637, 34.309 ], [ 136.677, 34.317 ], [ 136.66, 34.289 ], [ 136.605, 34.258 ], [ 136.571, 34.276 ], [ 136.596, 34.281 ], [ 136.591, 34.295 ], [ 136.549, 34.283 ], [ 136.548, 34.25 ], [ 136.541, 34.278 ], [ 136.527, 34.26 ], [ 136.531, 34.273 ], [ 136.506, 34.279 ], [ 136.519, 34.241 ], [ 136.501, 34.259 ], [ 136.505, 34.243 ], [ 136.488, 34.246 ], [ 136.485, 34.24 ], [ 136.506, 34.237 ], [ 136.508, 34.229 ], [ 136.481, 34.22 ], [ 136.46, 34.238 ], [ 136.466, 34.257 ], [ 136.44, 34.247 ], [ 136.455, 34.243 ], [ 136.453, 34.22 ], [ 136.398, 34.203 ], [ 136.391, 34.219 ], [ 136.364, 34.189 ], [ 136.353, 34.212 ], [ 136.322, 34.196 ], [ 136.341, 34.2 ], [ 136.336, 34.183 ], [ 136.278, 34.161 ], [ 136.284, 34.118 ], [ 136.316, 34.116 ], [ 136.298, 34.087 ], [ 136.25, 34.094 ], [ 136.276, 34.122 ], [ 136.268, 34.129 ], [ 136.228, 34.101 ], [ 136.236, 34.086 ], [ 136.201, 34.076 ], [ 136.253, 34.062 ], [ 136.244, 34.038 ], [ 136.282, 34.022 ], [ 136.242, 34.015 ], [ 136.273, 34.005 ], [ 136.257, 33.998 ], [ 136.272, 33.973 ], [ 136.238, 33.969 ], [ 136.252, 33.985 ], [ 136.211, 34.0 ], [ 136.215, 33.983 ], [ 136.192, 33.971 ], [ 136.222, 33.975 ], [ 136.232, 33.946 ], [ 136.213, 33.931 ], [ 136.201, 33.945 ], [ 136.182, 33.94 ], [ 136.199, 33.92 ], [ 136.18, 33.913 ], [ 136.15, 33.931 ], [ 136.149, 33.897 ], [ 136.098, 33.882 ], [ 136.013, 33.724 ], [ 135.94, 33.74 ], [ 135.857, 33.818 ], [ 135.853, 33.862 ] ] ], [ [ [ 136.906, 34.529 ], [ 136.846, 34.508 ], [ 136.875, 34.525 ], [ 136.898, 34.539 ], [ 136.906, 34.529 ] ] ] ] } },
{ "type": "Feature", "properties": { "name": "京都府" }, "geometry": { "type": "Polygon", "coordinates": [ [ [ 135.877, 34.713 ], [ 135.755, 34.728 ], [ 135.729, 34.778 ], [ 135.746, 34.804 ], [ 135.695, 34.848 ], [ 135.676, 34.899 ], [ 135.633, 34.935 ], [ 135.599, 34.928 ], [ 135.613, 34.971 ], [ 135.573, 34.971 ], [ 135.557, 34.935 ], [ 135.581, 34.937 ], [ 135.581, 34.922 ], [ 135.542, 34.915 ], [ 135.481, 34.95 ], [ 135.493, 34.989 ], [ 135.382, 35.01 ], [ 135.369, 35.055 ], [ 135.404, 35.089 ], [ 135.388, 35.097 ], [ 135.39, 35.129 ], [ 135.342, 35.136 ], [ 135.34, 35.15 ], [ 135.288, 35.143 ], [ 135.29, 35.172 ], [ 135.274, 35.177 ], [ 135.206, 35.161 ], [ 135.187, 35.173 ], [ 135.197, 35.203 ], [ 135.155, 35.227 ], [ 135.157, 35.261 ], [ 135.109, 35.266 ], [ 135.068, 35.237 ], [ 135.057, 35.265 ], [ 134.925, 35.312 ], [ 134.934, 35.407 ], [ 134.991, 35.386 ], [ 135.049, 35.408 ], [ 135.032, 35.497 ], [ 135.045, 35.509 ], [ 135.03, 35.54 ], [ 134.927, 35.513 ], [ 134.915, 35.545 ], [ 134.854, 35.589 ], [ 134.874, 35.621 ], [ 134.866, 35.638 ], [ 134.868, 35.658 ], [ 134.931, 35.648 ], [ 134.986, 35.693 ], [ 135.062, 35.708 ], [ 135.086, 35.74 ], [ 135.224, 35.779 ], [ 135.309, 35.694 ], [ 135.303, 35.662 ], [ 135.287, 35.676 ], [ 135.266, 35.666 ], [ 135.193, 35.571 ], [ 135.192, 35.54 ], [ 135.256, 35.598 ], [ 135.251, 35.571 ], [ 135.275, 35.56 ], [ 135.242, 35.56 ], [ 135.242, 35.538 ], [ 135.332, 35.516 ], [ 135.317, 35.451 ], [ 135.347, 35.494 ], [ 135.398, 35.479 ], [ 135.395, 35.517 ], [ 135.344, 35.504 ], [ 135.341, 35.55 ], [ 135.427, 35.567 ], [ 135.463, 35.604 ], [ 135.451, 35.569 ], [ 135.487, 35.558 ], [ 135.449, 35.526 ], [ 135.476, 35.505 ], [ 135.458, 35.468 ], [ 135.502, 35.42 ], [ 135.526, 35.42 ], [ 135.528, 35.38 ], [ 135.701, 35.344 ], [ 135.769, 35.356 ], [ 135.83, 35.277 ], [ 135.858, 35.289 ], [ 135.829, 35.22 ], [ 135.857, 35.157 ], [ 135.835, 35.056 ], [ 135.815, 35.045 ], [ 135.835, 35.022 ], [ 135.82, 35.015 ], [ 135.827, 34.991 ], [ 135.849, 34.992 ], [ 135.879, 34.947 ], [ 135.867, 34.892 ], [ 135.898, 34.871 ], [ 135.941, 34.894 ], [ 135.946, 34.852 ], [ 136.004, 34.844 ], [ 136.028, 34.82 ], [ 136.01, 34.8 ], [ 136.034, 34.779 ], [ 136.029, 34.757 ], [ 136.055, 34.739 ], [ 136.014, 34.708 ], [ 135.986, 34.715 ], [ 135.976, 34.741 ], [ 135.926, 34.74 ], [ 135.925, 34.758 ], [ 135.89, 34.708 ], [ 135.877, 34.713 ] ] ] } },
{ "type": "Feature", "properties": { "name": "佐賀県" }, "geometry": { "type": "MultiPolygon", "coordinates": [ [ [ [ 129.922, 33.09 ], [ 129.957, 33.118 ], [ 129.943, 33.164 ], [ 129.888, 33.156 ], [ 129.817, 33.185 ], [ 129.814, 33.242 ], [ 129.759, 33.291 ], [ 129.789, 33.34 ], [ 129.837, 33.287 ], [ 129.854, 33.292 ], [ 129.828, 33.312 ], [ 129.849, 33.33 ], [ 129.834, 33.329 ], [ 129.828, 33.337 ], [ 129.849, 33.337 ], [ 129.871, 33.405 ], [ 129.824, 33.412 ], [ 129.832, 33.422 ], [ 129.783, 33.451 ], [ 129.808, 33.458 ], [ 129.794, 33.472 ], [ 129.807, 33.486 ], [ 129.839, 33.462 ], [ 129.835, 33.442 ], [ 129.859, 33.454 ], [ 129.832, 33.475 ], [ 129.845, 33.48 ], [ 129.828, 33.518 ], [ 129.858, 33.506 ], [ 129.84, 33.522 ], [ 129.857, 33.519 ], [ 129.846, 33.556 ], [ 129.878, 33.538 ], [ 129.874, 33.516 ], [ 129.895, 33.551 ], [ 129.933, 33.549 ], [ 129.969, 33.511 ], [ 129.937, 33.48 ], [ 129.956, 33.469 ], [ 129.965, 33.483 ], [ 129.961, 33.461 ], [ 129.997, 33.447 ], [ 130.035, 33.451 ], [ 130.039, 33.47 ], [ 130.275, 33.48 ], [ 130.397, 33.427 ], [ 130.411, 33.395 ], [ 130.477, 33.438 ], [ 130.536, 33.44 ], [ 130.536, 33.343 ], [ 130.48, 33.331 ], [ 130.489, 33.316 ], [ 130.456, 33.301 ], [ 130.468, 33.287 ], [ 130.45, 33.265 ], [ 130.431, 33.292 ], [ 130.413, 33.251 ], [ 130.394, 33.261 ], [ 130.373, 33.244 ], [ 130.378, 33.221 ], [ 130.34, 33.204 ], [ 130.356, 33.14 ], [ 130.288, 33.147 ], [ 130.246, 33.203 ], [ 130.192, 33.14 ], [ 130.149, 33.112 ], [ 130.126, 33.117 ], [ 130.191, 32.99 ], [ 130.205, 32.991 ], [ 130.209, 32.979 ], [ 130.214, 32.983 ], [ 130.216, 32.979 ], [ 130.221, 32.977 ], [ 130.219, 32.977 ], [ 130.22, 32.976 ], [ 130.22, 32.976 ], [ 130.223, 32.974 ], [ 130.224, 32.974 ], [ 130.224, 32.973 ], [ 130.225, 32.961 ], [ 130.076, 32.988 ], [ 129.922, 33.09 ] ] ], [ [ [ 129.747, 33.583 ], [ 129.773, 33.577 ], [ 129.763, 33.564 ], [ 129.75, 33.569 ], [ 129.747, 33.583 ] ] ] ] } },
{ "type": "Feature", "properties": { "name": "兵庫県" }, "geometry": { "type": "MultiPolygon", "coordinates": [ [ [ [ 134.676, 34.256 ], [ 134.655, 34.294 ], [ 134.687, 34.331 ], [ 134.73, 34.33 ], [ 134.798, 34.449 ], [ 135.004, 34.608 ], [ 135.025, 34.574 ], [ 134.989, 34.512 ], [ 134.895, 34.417 ], [ 134.894, 34.352 ], [ 134.952, 34.267 ], [ 134.797, 34.197 ], [ 134.734, 34.189 ], [ 134.7, 34.221 ], [ 134.722, 34.25 ], [ 134.658, 34.241 ], [ 134.676, 34.256 ] ] ], [ [ [ 134.487, 34.672 ], [ 134.5, 34.644 ], [ 134.481, 34.65 ], [ 134.458, 34.645 ], [ 134.487, 34.672 ] ] ], [ [ [ 134.591, 34.663 ], [ 134.575, 34.651 ], [ 134.563, 34.667 ], [ 134.573, 34.677 ], [ 134.59, 34.668 ], [ 134.591, 34.663 ] ] ], [ [ [ 135.217, 34.65 ], [ 135.202, 34.667 ], [ 135.22, 34.683 ], [ 135.249, 34.651 ], [ 135.217, 34.65 ] ] ], [ [ [ 134.542, 34.658 ], [ 134.526, 34.667 ], [ 134.508, 34.677 ], [ 134.546, 34.68 ], [ 134.542, 34.658 ] ] ], [ [ [ 135.291, 34.682 ], [ 135.258, 34.678 ], [ 135.252, 34.693 ], [ 135.288, 34.697 ], [ 135.291, 34.682 ] ] ], [ [ [ 134.832, 34.698 ], [ 134.815, 34.731 ], [ 134.806, 34.716 ], [ 134.811, 34.732 ], [ 134.747, 34.768 ], [ 134.686, 34.778 ], [ 134.681, 34.766 ], [ 134.663, 34.785 ], [ 134.65, 34.771 ], [ 134.658, 34.787 ], [ 134.656, 34.788 ], [ 134.646, 34.767 ], [ 134.629, 34.764 ], [ 134.644, 34.783 ], [ 134.622, 34.784 ], [ 134.629, 34.778 ], [ 134.624, 34.769 ], [ 134.605, 34.779 ], [ 134.566, 34.757 ], [ 134.528, 34.783 ], [ 134.474, 34.755 ], [ 134.477, 34.787 ], [ 134.465, 34.809 ], [ 134.464, 34.764 ], [ 134.433, 34.766 ], [ 134.414, 34.729 ], [ 134.385, 34.726 ], [ 134.359, 34.751 ], [ 134.352, 34.745 ], [ 134.363, 34.746 ], [ 134.364, 34.739 ], [ 134.322, 34.722 ], [ 134.313, 34.738 ], [ 134.335, 34.769 ], [ 134.253, 34.852 ], [ 134.263, 34.884 ], [ 134.295, 34.904 ], [ 134.254, 34.938 ], [ 134.287, 34.996 ], [ 134.264, 35.017 ], [ 134.317, 35.044 ], [ 134.319, 35.083 ], [ 134.35, 35.091 ], [ 134.367, 35.147 ], [ 134.412, 35.152 ], [ 134.412, 35.185 ], [ 134.383, 35.194 ], [ 134.383, 35.222 ], [ 134.403, 35.241 ], [ 134.463, 35.237 ], [ 134.515, 35.278 ], [ 134.502, 35.327 ], [ 134.514, 35.354 ], [ 134.472, 35.378 ], [ 134.48, 35.427 ], [ 134.44, 35.443 ], [ 134.431, 35.502 ], [ 134.413, 35.515 ], [ 134.422, 35.563 ], [ 134.408, 35.589 ], [ 134.372, 35.609 ], [ 134.37, 35.615 ], [ 134.433, 35.621 ], [ 134.539, 35.67 ], [ 134.616, 35.639 ], [ 134.656, 35.665 ], [ 134.663, 35.648 ], [ 134.764, 35.675 ], [ 134.765, 35.661 ], [ 134.8, 35.67 ], [ 134.841, 35.642 ], [ 134.852, 35.66 ], [ 134.867, 35.659 ], [ 134.874, 35.621 ], [ 134.854, 35.589 ], [ 134.915, 35.545 ], [ 134.927, 35.513 ], [ 135.03, 35.54 ], [ 135.045, 35.509 ], [ 135.032, 35.497 ], [ 135.049, 35.408 ], [ 134.991, 35.386 ], [ 134.934, 35.407 ], [ 134.925, 35.312 ], [ 135.057, 35.265 ], [ 135.068, 35.237 ], [ 135.109, 35.266 ], [ 135.157, 35.261 ], [ 135.155, 35.227 ], [ 135.197, 35.203 ], [ 135.187, 35.173 ], [ 135.206, 35.161 ], [ 135.274, 35.177 ], [ 135.29, 35.172 ], [ 135.288, 35.143 ], [ 135.34, 35.15 ], [ 135.342, 35.136 ], [ 135.39, 35.129 ], [ 135.4, 35.076 ], [ 135.371, 35.045 ], [ 135.33, 35.035 ], [ 135.355, 35.025 ], [ 135.346, 34.964 ], [ 135.468, 34.927 ], [ 135.419, 34.909 ], [ 135.446, 34.897 ], [ 135.416, 34.818 ], [ 135.46, 34.733 ], [ 135.392, 34.68 ], [ 135.374, 34.679 ], [ 135.401, 34.699 ], [ 135.371, 34.681 ], [ 135.363, 34.706 ], [ 135.322, 34.726 ], [ 135.19, 34.686 ], [ 135.183, 34.65 ], [ 135.056, 34.624 ], [ 134.966, 34.644 ], [ 134.844, 34.721 ], [ 134.832, 34.698 ] ] ] ] } },
{ "type": "Feature", "properties": { "name": "北海道" }, "geometry": { "type": "MultiPolygon", "coordinates": [ [ [ [ 139.372, 41.501 ], [ 139.339, 41.5 ], [ 139.341, 41.525 ], [ 139.383, 41.512 ], [ 139.372, 41.501 ] ] ], [ [ [ 139.561, 42.227 ], [ 139.517, 42.176 ], [ 139.496, 42.083 ], [ 139.451, 42.052 ], [ 139.425, 42.083 ], [ 139.405, 42.165 ], [ 139.425, 42.205 ], [ 139.559, 42.253 ], [ 139.561, 42.227 ] ] ], [ [ [ 139.986, 41.551 ], [ 139.982, 41.608 ], [ 140.009, 41.692 ], [ 140.067, 41.761 ], [ 140.074, 41.784 ], [ 140.069, 41.803 ], [ 140.071, 41.807 ], [ 140.109, 41.805 ], [ 140.122, 41.823 ], [ 140.126, 41.855 ], [ 140.11, 41.863 ], [ 140.139, 41.894 ], [ 140.133, 41.975 ], [ 140.024, 42.115 ], [ 139.921, 42.133 ], [ 139.878, 42.21 ], [ 139.815, 42.221 ], [ 139.774, 42.259 ], [ 139.777, 42.342 ], [ 139.829, 42.394 ], [ 139.853, 42.465 ], [ 139.822, 42.611 ], [ 139.898, 42.68 ], [ 140.053, 42.698 ], [ 140.073, 42.728 ], [ 140.144, 42.755 ], [ 140.186, 42.828 ], [ 140.205, 42.809 ], [ 140.224, 42.805 ], [ 140.23, 42.797 ], [ 140.234, 42.799 ], [ 140.238, 42.795 ], [ 140.246, 42.768 ], [ 140.304, 42.777 ], [ 140.304, 42.829 ], [ 140.39, 42.923 ], [ 140.521, 42.991 ], [ 140.529, 43.028 ], [ 140.504, 43.032 ], [ 140.43, 43.142 ], [ 140.36, 43.179 ], [ 140.325, 43.221 ], [ 140.36, 43.316 ], [ 140.346, 43.334 ], [ 140.43, 43.33 ], [ 140.461, 43.346 ], [ 140.462, 43.372 ], [ 140.497, 43.373 ], [ 140.58, 43.31 ], [ 140.63, 43.298 ], [ 140.643, 43.264 ], [ 140.775, 43.227 ], [ 140.79, 43.195 ], [ 141.01, 43.24 ], [ 141.014, 43.19 ], [ 141.162, 43.144 ], [ 141.276, 43.201 ], [ 141.294, 43.185 ], [ 141.301, 43.221 ], [ 141.423, 43.328 ], [ 141.428, 43.419 ], [ 141.358, 43.518 ], [ 141.386, 43.591 ], [ 141.329, 43.725 ], [ 141.387, 43.807 ], [ 141.494, 43.836 ], [ 141.51, 43.856 ], [ 141.561, 43.859 ], [ 141.627, 43.921 ], [ 141.634, 43.937 ], [ 141.628, 43.947 ], [ 141.632, 43.96 ], [ 141.632, 43.952 ], [ 141.635, 43.952 ], [ 141.637, 43.946 ], [ 141.645, 43.945 ], [ 141.644, 43.941 ], [ 141.646, 43.942 ], [ 141.633, 43.974 ], [ 141.659, 44.005 ], [ 141.663, 44.05 ], [ 141.647, 44.316 ], [ 141.672, 44.324 ], [ 141.694, 44.378 ], [ 141.694, 44.368 ], [ 141.702, 44.369 ], [ 141.749, 44.436 ], [ 141.79, 44.605 ], [ 141.785, 44.722 ], [ 141.737, 44.887 ], [ 141.569, 45.198 ], [ 141.573, 45.236 ], [ 141.619, 45.292 ], [ 141.605, 45.309 ], [ 141.655, 45.352 ], [ 141.634, 45.405 ], [ 141.645, 45.45 ], [ 141.697, 45.415 ], [ 141.68, 45.419 ], [ 141.686, 45.415 ], [ 141.678, 45.415 ], [ 141.677, 45.405 ], [ 141.681, 45.403 ], [ 141.796, 45.407 ], [ 141.865, 45.441 ], [ 141.878, 45.495 ], [ 141.893, 45.511 ], [ 141.95, 45.52 ], [ 142.046, 45.406 ], [ 142.171, 45.343 ], [ 142.412, 45.116 ], [ 142.504, 45.06 ], [ 142.534, 45.029 ], [ 142.54, 44.991 ], [ 142.585, 44.961 ], [ 142.586, 44.922 ], [ 142.659, 44.841 ], [ 142.99, 44.56 ], [ 143.349, 44.371 ], [ 143.388, 44.322 ], [ 143.535, 44.261 ], [ 143.929, 44.147 ], [ 144.204, 44.102 ], [ 144.244, 44.113 ], [ 144.255, 44.038 ], [ 144.273, 44.024 ], [ 144.285, 44.028 ], [ 144.291, 44.025 ], [ 144.284, 44.028 ], [ 144.278, 44.024 ], [ 144.299, 43.982 ], [ 144.366, 43.955 ], [ 144.604, 43.918 ], [ 144.795, 43.931 ], [ 144.911, 44.005 ], [ 145.015, 44.1 ], [ 145.192, 44.195 ], [ 145.321, 44.341 ], [ 145.344, 44.339 ], [ 145.367, 44.259 ], [ 145.329, 44.192 ], [ 145.259, 44.133 ], [ 145.239, 44.058 ], [ 145.142, 43.968 ], [ 145.096, 43.895 ], [ 145.092, 43.839 ], [ 145.061, 43.806 ], [ 145.069, 43.748 ], [ 145.144, 43.646 ], [ 145.315, 43.601 ], [ 145.332, 43.593 ], [ 145.344, 43.584 ], [ 145.342, 43.556 ], [ 145.325, 43.55 ], [ 145.287, 43.55 ], [ 145.335, 43.564 ], [ 145.331, 43.566 ], [ 145.342, 43.573 ], [ 145.34, 43.585 ], [ 145.28, 43.592 ], [ 145.288, 43.603 ], [ 145.241, 43.591 ], [ 145.269, 43.609 ], [ 145.194, 43.621 ], [ 145.291, 43.38 ], [ 145.396, 43.291 ], [ 145.493, 43.267 ], [ 145.522, 43.307 ], [ 145.651, 43.391 ], [ 145.817, 43.385 ], [ 145.757, 43.335 ], [ 145.708, 43.335 ], [ 145.677, 43.312 ], [ 145.63, 43.319 ], [ 145.59, 43.278 ], [ 145.568, 43.283 ], [ 145.556, 43.219 ], [ 145.53, 43.208 ], [ 145.529, 43.186 ], [ 145.509, 43.188 ], [ 145.52, 43.165 ], [ 145.496, 43.159 ], [ 145.503, 43.174 ], [ 145.483, 43.187 ], [ 145.421, 43.188 ], [ 145.292, 43.172 ], [ 145.201, 43.136 ], [ 145.146, 43.145 ], [ 145.112, 43.12 ], [ 145.111, 43.094 ], [ 145.119, 43.081 ], [ 145.162, 43.084 ], [ 145.173, 43.076 ], [ 145.1, 43.078 ], [ 145.086, 43.045 ], [ 145.032, 43.03 ], [ 145.025, 43.0 ], [ 144.973, 42.981 ], [ 144.876, 42.986 ], [ 144.832, 43.014 ], [ 144.831, 43.036 ], [ 144.854, 43.049 ], [ 144.803, 43.059 ], [ 144.745, 43.023 ], [ 144.722, 42.985 ], [ 144.786, 42.937 ], [ 144.774, 42.933 ], [ 144.63, 42.952 ], [ 144.447, 42.944 ], [ 144.362, 42.971 ], [ 144.363, 42.995 ], [ 144.272, 43.004 ], [ 144.145, 42.977 ], [ 143.929, 42.88 ], [ 143.601, 42.644 ], [ 143.395, 42.426 ], [ 143.328, 42.316 ], [ 143.34, 42.301 ], [ 143.32, 42.296 ], [ 143.348, 42.302 ], [ 143.309, 42.257 ], [ 143.336, 42.202 ], [ 143.312, 42.054 ], [ 143.256, 41.998 ], [ 143.249, 41.924 ], [ 143.164, 41.983 ], [ 143.134, 42.028 ], [ 143.009, 42.081 ], [ 142.964, 42.119 ], [ 142.815, 42.142 ], [ 142.759, 42.175 ], [ 142.67, 42.192 ], [ 142.584, 42.244 ], [ 142.484, 42.269 ], [ 142.447, 42.303 ], [ 142.368, 42.323 ], [ 142.274, 42.376 ], [ 142.192, 42.449 ], [ 142.027, 42.485 ], [ 141.903, 42.578 ], [ 141.816, 42.613 ], [ 141.801, 42.602 ], [ 141.716, 42.627 ], [ 141.625, 42.62 ], [ 141.695, 42.657 ], [ 141.623, 42.643 ], [ 141.62, 42.621 ], [ 141.462, 42.593 ], [ 141.348, 42.541 ], [ 141.124, 42.419 ], [ 141.003, 42.301 ], [ 140.948, 42.317 ], [ 140.93, 42.335 ], [ 140.931, 42.34 ], [ 140.95, 42.351 ], [ 140.982, 42.323 ], [ 140.98, 42.343 ], [ 141.008, 42.348 ], [ 140.916, 42.366 ], [ 140.874, 42.458 ], [ 140.78, 42.499 ], [ 140.771, 42.54 ], [ 140.709, 42.583 ], [ 140.646, 42.587 ], [ 140.583, 42.566 ], [ 140.476, 42.589 ], [ 140.387, 42.52 ], [ 140.315, 42.419 ], [ 140.277, 42.321 ], [ 140.288, 42.252 ], [ 140.394, 42.221 ], [ 140.549, 42.113 ], [ 140.706, 42.138 ], [ 140.759, 42.117 ], [ 140.821, 42.034 ], [ 140.907, 41.987 ], [ 140.961, 41.915 ], [ 141.111, 41.874 ], [ 141.187, 41.802 ], [ 141.11, 41.785 ], [ 141.053, 41.726 ], [ 140.967, 41.71 ], [ 140.924, 41.74 ], [ 140.786, 41.774 ], [ 140.737, 41.768 ], [ 140.703, 41.74 ], [ 140.702, 41.785 ], [ 140.715, 41.767 ], [ 140.727, 41.78 ], [ 140.716, 41.807 ], [ 140.64, 41.816 ], [ 140.601, 41.742 ], [ 140.527, 41.701 ], [ 140.442, 41.681 ], [ 140.43, 41.535 ], [ 140.258, 41.481 ], [ 140.197, 41.398 ], [ 140.146, 41.428 ], [ 140.089, 41.418 ], [ 140.039, 41.444 ], [ 139.986, 41.551 ] ] ], [ [ [ 141.293, 44.417 ], [ 141.325, 44.442 ], [ 141.336, 44.432 ], [ 141.32, 44.416 ], [ 141.293, 44.417 ] ] ], [ [ [ 141.429, 44.443 ], [ 141.43, 44.442 ], [ 141.43, 44.441 ], [ 141.43, 44.441 ], [ 141.422, 44.427 ], [ 141.381, 44.433 ], [ 141.41, 44.445 ], [ 141.426, 44.447 ], [ 141.427, 44.444 ], [ 141.429, 44.443 ] ] ], [ [ [ 141.132, 45.213 ], [ 141.137, 45.22 ], [ 141.193, 45.259 ], [ 141.232, 45.234 ], [ 141.276, 45.234 ], [ 141.325, 45.184 ], [ 141.33, 45.149 ], [ 141.286, 45.109 ], [ 141.238, 45.097 ], [ 141.166, 45.137 ], [ 141.127, 45.186 ], [ 141.142, 45.19 ], [ 141.132, 45.213 ] ] ], [ [ [ 140.967, 45.464 ], [ 141.013, 45.433 ], [ 141.035, 45.44 ], [ 141.034, 45.461 ], [ 141.067, 45.424 ], [ 141.044, 45.274 ], [ 141.015, 45.284 ], [ 141.027, 45.296 ], [ 141.004, 45.333 ], [ 140.983, 45.38 ], [ 140.994, 45.424 ], [ 140.966, 45.438 ], [ 140.967, 45.464 ] ] ], [ [ [ 146.109, 43.438 ], [ 146.086, 43.415 ], [ 146.045, 43.402 ], [ 146.027, 43.417 ], [ 146.086, 43.425 ], [ 146.098, 43.448 ], [ 146.109, 43.438 ] ] ], [ [ [ 145.934, 43.44 ], [ 145.955, 43.425 ], [ 145.899, 43.417 ], [ 145.897, 43.446 ], [ 145.863, 43.457 ], [ 145.95, 43.454 ], [ 145.934, 43.44 ] ] ], [ [ [ 146.178, 43.504 ], [ 146.193, 43.488 ], [ 146.117, 43.458 ], [ 146.096, 43.5 ], [ 146.059, 43.522 ], [ 146.135, 43.549 ], [ 146.204, 43.533 ], [ 146.178, 43.504 ] ] ], [ [ [ 146.275, 43.625 ], [ 146.312, 43.652 ], [ 146.351, 43.64 ], [ 146.357, 43.618 ], [ 146.275, 43.625 ] ] ], [ [ [ 146.608, 43.767 ], [ 146.586, 43.807 ], [ 146.61, 43.82 ], [ 146.723, 43.832 ], [ 146.749, 43.815 ], [ 146.722, 43.846 ], [ 146.775, 43.877 ], [ 146.796, 43.858 ], [ 146.789, 43.879 ], [ 146.824, 43.867 ], [ 146.825, 43.89 ], [ 146.92, 43.837 ], [ 146.898, 43.806 ], [ 146.847, 43.812 ], [ 146.826, 43.8 ], [ 146.85, 43.787 ], [ 146.797, 43.786 ], [ 146.784, 43.757 ], [ 146.77, 43.767 ], [ 146.721, 43.734 ], [ 146.696, 43.746 ], [ 146.675, 43.707 ], [ 146.642, 43.702 ], [ 146.651, 43.714 ], [ 146.625, 43.728 ], [ 146.625, 43.756 ], [ 146.608, 43.735 ], [ 146.586, 43.744 ], [ 146.608, 43.767 ] ] ], [ [ [ 145.444, 43.853 ], [ 145.473, 43.899 ], [ 145.741, 44.051 ], [ 145.744, 44.104 ], [ 145.889, 44.252 ], [ 145.988, 44.319 ], [ 146.006, 44.38 ], [ 146.093, 44.483 ], [ 146.171, 44.517 ], [ 146.241, 44.455 ], [ 146.34, 44.417 ], [ 146.477, 44.421 ], [ 146.534, 44.433 ], [ 146.552, 44.446 ], [ 146.573, 44.455 ], [ 146.576, 44.456 ], [ 146.577, 44.455 ], [ 146.534, 44.38 ], [ 146.492, 44.355 ], [ 146.432, 44.376 ], [ 146.388, 44.359 ], [ 146.37, 44.322 ], [ 146.296, 44.276 ], [ 146.111, 44.263 ], [ 146.065, 44.231 ], [ 146.047, 44.184 ], [ 145.922, 44.136 ], [ 145.867, 44.064 ], [ 145.878, 44.021 ], [ 145.818, 44.021 ], [ 145.781, 43.932 ], [ 145.65, 43.909 ], [ 145.589, 43.868 ], [ 145.554, 43.67 ], [ 145.543, 43.652 ], [ 145.536, 43.667 ], [ 145.551, 43.731 ], [ 145.436, 43.718 ], [ 145.403, 43.839 ], [ 145.444, 43.853 ] ] ], [ [ [ 146.931, 44.585 ], [ 146.948, 44.631 ], [ 146.958, 44.596 ], [ 146.993, 44.575 ], [ 147.034, 44.616 ], [ 147.006, 44.659 ], [ 147.097, 44.639 ], [ 147.186, 44.698 ], [ 147.195, 44.761 ], [ 147.126, 44.77 ], [ 147.101, 44.8 ], [ 147.107, 44.822 ], [ 147.155, 44.825 ], [ 147.194, 44.797 ], [ 147.239, 44.806 ], [ 147.266, 44.868 ], [ 147.382, 44.911 ], [ 147.454, 44.972 ], [ 147.507, 44.989 ], [ 147.535, 45.071 ], [ 147.527, 45.099 ], [ 147.496, 45.109 ], [ 147.505, 45.118 ], [ 147.651, 45.079 ], [ 147.698, 45.104 ], [ 147.693, 45.142 ], [ 147.735, 45.194 ], [ 147.869, 45.224 ], [ 147.882, 45.256 ], [ 147.866, 45.264 ], [ 147.849, 45.366 ], [ 147.904, 45.43 ], [ 147.965, 45.42 ], [ 148.029, 45.271 ], [ 148.166, 45.259 ], [ 148.318, 45.283 ], [ 148.418, 45.327 ], [ 148.479, 45.384 ], [ 148.486, 45.421 ], [ 148.557, 45.458 ], [ 148.578, 45.49 ], [ 148.63, 45.502 ], [ 148.654, 45.539 ], [ 148.784, 45.557 ], [ 148.838, 45.551 ], [ 148.89, 45.518 ], [ 148.886, 45.482 ], [ 148.827, 45.449 ], [ 148.829, 45.427 ], [ 148.877, 45.394 ], [ 148.842, 45.336 ], [ 148.777, 45.323 ], [ 148.639, 45.335 ], [ 148.563, 45.312 ], [ 148.494, 45.256 ], [ 148.302, 45.215 ], [ 148.1, 45.113 ], [ 147.984, 45.004 ], [ 147.904, 44.961 ], [ 147.785, 44.948 ], [ 147.73, 44.977 ], [ 147.726, 45.003 ], [ 147.657, 44.996 ], [ 147.611, 44.943 ], [ 147.652, 44.919 ], [ 147.597, 44.853 ], [ 147.335, 44.714 ], [ 147.253, 44.6 ], [ 147.207, 44.568 ], [ 147.074, 44.556 ], [ 146.955, 44.426 ], [ 146.875, 44.438 ], [ 146.858, 44.453 ], [ 146.876, 44.499 ], [ 146.954, 44.554 ], [ 146.931, 44.585 ] ] ] ] } },
{ "type": "Feature", "properties": { "name": "千葉県" }, "geometry": { "type": "MultiPolygon", "coordinates": [ [ [ [ 139.824, 34.91 ], [ 139.818, 34.939 ], [ 139.753, 34.967 ], [ 139.858, 35.0 ], [ 139.851, 35.024 ], [ 139.81, 35.038 ], [ 139.831, 35.042 ], [ 139.819, 35.066 ], [ 139.842, 35.086 ], [ 139.824, 35.101 ], [ 139.839, 35.131 ], [ 139.816, 35.172 ], [ 139.83, 35.203 ], [ 139.867, 35.22 ], [ 139.869, 35.243 ], [ 139.847, 35.291 ], [ 139.784, 35.313 ], [ 139.82, 35.316 ], [ 139.838, 35.359 ], [ 139.859, 35.348 ], [ 139.846, 35.375 ], [ 139.898, 35.358 ], [ 139.888, 35.371 ], [ 139.919, 35.386 ], [ 139.901, 35.43 ], [ 139.951, 35.456 ], [ 139.974, 35.448 ], [ 139.966, 35.469 ], [ 139.982, 35.475 ], [ 139.989, 35.454 ], [ 139.993, 35.453 ], [ 140.003, 35.483 ], [ 140.021, 35.467 ], [ 140.023, 35.468 ], [ 140.01, 35.486 ], [ 140.036, 35.495 ], [ 140.025, 35.502 ], [ 140.066, 35.553 ], [ 140.096, 35.535 ], [ 140.088, 35.552 ], [ 140.116, 35.55 ], [ 140.091, 35.564 ], [ 140.127, 35.569 ], [ 140.112, 35.57 ], [ 140.118, 35.597 ], [ 140.089, 35.595 ], [ 140.098, 35.606 ], [ 140.083, 35.614 ], [ 140.084, 35.597 ], [ 140.014, 35.658 ], [ 139.987, 35.654 ], [ 140.003, 35.663 ], [ 139.986, 35.664 ], [ 139.992, 35.672 ], [ 139.984, 35.677 ], [ 139.988, 35.69 ], [ 139.985, 35.691 ], [ 139.932, 35.675 ], [ 139.948, 35.67 ], [ 139.918, 35.655 ], [ 139.939, 35.641 ], [ 139.898, 35.617 ], [ 139.873, 35.626 ], [ 139.886, 35.679 ], [ 139.919, 35.698 ], [ 139.879, 35.768 ], [ 139.894, 35.78 ], [ 139.9, 35.864 ], [ 139.826, 35.973 ], [ 139.817, 36.033 ], [ 139.778, 36.099 ], [ 139.799, 36.095 ], [ 139.886, 35.987 ], [ 139.936, 35.967 ], [ 139.938, 35.941 ], [ 140.074, 35.877 ], [ 140.125, 35.873 ], [ 140.151, 35.843 ], [ 140.278, 35.874 ], [ 140.319, 35.865 ], [ 140.362, 35.899 ], [ 140.458, 35.927 ], [ 140.503, 35.906 ], [ 140.487, 35.929 ], [ 140.511, 35.959 ], [ 140.608, 35.896 ], [ 140.631, 35.859 ], [ 140.707, 35.836 ], [ 140.744, 35.783 ], [ 140.818, 35.74 ], [ 140.872, 35.74 ], [ 140.865, 35.744 ], [ 140.86, 35.75 ], [ 140.861, 35.75 ], [ 140.865, 35.744 ], [ 140.872, 35.741 ], [ 140.882, 35.731 ], [ 140.868, 35.738 ], [ 140.866, 35.692 ], [ 140.828, 35.714 ], [ 140.728, 35.684 ], [ 140.731, 35.69 ], [ 140.735, 35.69 ], [ 140.737, 35.692 ], [ 140.737, 35.694 ], [ 140.715, 35.7 ], [ 140.663, 35.691 ], [ 140.526, 35.603 ], [ 140.447, 35.521 ], [ 140.406, 35.449 ], [ 140.391, 35.362 ], [ 140.415, 35.306 ], [ 140.384, 35.187 ], [ 140.349, 35.18 ], [ 140.311, 35.134 ], [ 140.299, 35.151 ], [ 140.233, 35.115 ], [ 140.201, 35.11 ], [ 140.192, 35.127 ], [ 140.12, 35.115 ], [ 140.102, 35.077 ], [ 139.982, 35.013 ], [ 139.942, 34.918 ], [ 139.875, 34.904 ], [ 139.824, 34.91 ] ] ], [ [ [ 140.103, 35.587 ], [ 140.112, 35.57 ], [ 140.086, 35.569 ], [ 140.083, 35.583 ], [ 140.103, 35.587 ] ] ] ] } },
{ "type": "Feature", "properties": { "name": "和歌山県" }, "geometry": { "type": "MultiPolygon", "coordinates": [ [ [ [ 135.863, 33.472 ], [ 135.832, 33.449 ], [ 135.799, 33.466 ], [ 135.812, 33.481 ], [ 135.863, 33.472 ] ] ], [ [ [ 135.886, 33.883 ], [ 135.901, 33.885 ], [ 135.898, 33.87 ], [ 135.875, 33.862 ], [ 135.866, 33.92 ], [ 135.882, 33.915 ], [ 135.886, 33.883 ] ] ], [ [ [ 135.518, 33.522 ], [ 135.488, 33.551 ], [ 135.446, 33.549 ], [ 135.391, 33.591 ], [ 135.392, 33.642 ], [ 135.33, 33.671 ], [ 135.336, 33.695 ], [ 135.378, 33.683 ], [ 135.4, 33.721 ], [ 135.353, 33.727 ], [ 135.357, 33.741 ], [ 135.327, 33.742 ], [ 135.314, 33.769 ], [ 135.235, 33.782 ], [ 135.142, 33.885 ], [ 135.058, 33.88 ], [ 135.059, 33.905 ], [ 135.084, 33.91 ], [ 135.068, 33.931 ], [ 135.118, 33.96 ], [ 135.08, 33.956 ], [ 135.068, 33.977 ], [ 135.172, 34.028 ], [ 135.136, 34.065 ], [ 135.088, 34.067 ], [ 135.079, 34.074 ], [ 135.116, 34.12 ], [ 135.146, 34.111 ], [ 135.126, 34.137 ], [ 135.21, 34.149 ], [ 135.183, 34.147 ], [ 135.18, 34.187 ], [ 135.18, 34.169 ], [ 135.14, 34.188 ], [ 135.144, 34.219 ], [ 135.128, 34.217 ], [ 135.14, 34.225 ], [ 135.11, 34.227 ], [ 135.1, 34.236 ], [ 135.128, 34.227 ], [ 135.123, 34.242 ], [ 135.061, 34.263 ], [ 135.076, 34.307 ], [ 135.106, 34.309 ], [ 135.111, 34.272 ], [ 135.154, 34.274 ], [ 135.205, 34.288 ], [ 135.208, 34.308 ], [ 135.283, 34.318 ], [ 135.293, 34.299 ], [ 135.338, 34.335 ], [ 135.397, 34.33 ], [ 135.485, 34.363 ], [ 135.508, 34.336 ], [ 135.577, 34.376 ], [ 135.651, 34.383 ], [ 135.673, 34.282 ], [ 135.716, 34.266 ], [ 135.73, 34.228 ], [ 135.708, 34.208 ], [ 135.648, 34.219 ], [ 135.622, 34.158 ], [ 135.59, 34.149 ], [ 135.578, 34.116 ], [ 135.546, 34.098 ], [ 135.54, 34.075 ], [ 135.58, 34.058 ], [ 135.594, 34.013 ], [ 135.622, 34.01 ], [ 135.639, 33.985 ], [ 135.637, 33.951 ], [ 135.617, 33.954 ], [ 135.601, 33.903 ], [ 135.623, 33.898 ], [ 135.62, 33.872 ], [ 135.687, 33.904 ], [ 135.756, 33.885 ], [ 135.809, 33.906 ], [ 135.847, 33.897 ], [ 135.858, 33.816 ], [ 135.938, 33.757 ], [ 135.945, 33.732 ], [ 136.012, 33.723 ], [ 135.972, 33.673 ], [ 135.986, 33.655 ], [ 135.937, 33.642 ], [ 135.953, 33.633 ], [ 135.954, 33.622 ], [ 135.926, 33.605 ], [ 135.962, 33.595 ], [ 135.96, 33.582 ], [ 135.799, 33.5 ], [ 135.788, 33.438 ], [ 135.753, 33.437 ], [ 135.777, 33.464 ], [ 135.75, 33.481 ], [ 135.59, 33.502 ], [ 135.518, 33.522 ] ] ], [ [ [ 135.995, 34.001 ], [ 136.013, 33.969 ], [ 136.0, 33.956 ], [ 135.977, 33.967 ], [ 135.969, 33.929 ], [ 135.929, 33.941 ], [ 135.917, 33.924 ], [ 135.933, 33.917 ], [ 135.899, 33.925 ], [ 135.894, 33.95 ], [ 135.922, 33.978 ], [ 135.989, 34.0 ], [ 136.006, 34.009 ], [ 135.995, 34.001 ] ] ] ] } },
{ "type": "Feature", "properties": { "name": "埼玉県" }, "geometry": { "type": "Polygon", "coordinates": [ [ [ 139.547, 35.753 ], [ 139.548, 35.774 ], [ 139.516, 35.766 ], [ 139.543, 35.78 ], [ 139.542, 35.807 ], [ 139.497, 35.779 ], [ 139.392, 35.763 ], [ 139.37, 35.792 ], [ 139.325, 35.796 ], [ 139.301, 35.835 ], [ 139.192, 35.84 ], [ 139.019, 35.898 ], [ 138.892, 35.84 ], [ 138.856, 35.865 ], [ 138.814, 35.862 ], [ 138.779, 35.9 ], [ 138.733, 35.905 ], [ 138.739, 35.939 ], [ 138.713, 35.985 ], [ 138.754, 36.035 ], [ 138.828, 36.037 ], [ 138.865, 36.077 ], [ 138.945, 36.095 ], [ 138.958, 36.124 ], [ 139.042, 36.128 ], [ 139.063, 36.196 ], [ 139.129, 36.283 ], [ 139.244, 36.244 ], [ 139.322, 36.237 ], [ 139.359, 36.253 ], [ 139.464, 36.189 ], [ 139.588, 36.21 ], [ 139.625, 36.187 ], [ 139.66, 36.215 ], [ 139.694, 36.191 ], [ 139.73, 36.087 ], [ 139.776, 36.091 ], [ 139.815, 36.037 ], [ 139.826, 35.973 ], [ 139.9, 35.865 ], [ 139.894, 35.783 ], [ 139.767, 35.818 ], [ 139.738, 35.78 ], [ 139.653, 35.8 ], [ 139.623, 35.767 ], [ 139.589, 35.779 ], [ 139.547, 35.753 ] ] ] } },
{ "type": "Feature", "properties": { "name": "大分県" }, "geometry": { "type": "MultiPolygon", "coordinates": [ [ [ [ 131.92, 33.013 ], [ 131.944, 33.016 ], [ 131.926, 32.997 ], [ 131.94, 32.999 ], [ 131.945, 32.996 ], [ 131.945, 32.994 ], [ 131.915, 32.981 ], [ 131.925, 33.0 ], [ 131.92, 33.013 ] ] ], [ [ [ 131.593, 32.775 ], [ 131.568, 32.754 ], [ 131.511, 32.77 ], [ 131.517, 32.801 ], [ 131.475, 32.837 ], [ 131.357, 32.805 ], [ 131.257, 32.887 ], [ 131.246, 32.96 ], [ 131.263, 32.977 ], [ 131.224, 33.017 ], [ 131.217, 33.053 ], [ 131.175, 33.083 ], [ 131.161, 33.141 ], [ 131.103, 33.187 ], [ 130.992, 33.183 ], [ 130.978, 33.141 ], [ 131.024, 33.088 ], [ 130.991, 33.024 ], [ 130.916, 33.053 ], [ 130.877, 33.092 ], [ 130.843, 33.094 ], [ 130.887, 33.186 ], [ 130.836, 33.211 ], [ 130.859, 33.23 ], [ 130.826, 33.237 ], [ 130.829, 33.257 ], [ 130.868, 33.264 ], [ 130.852, 33.277 ], [ 130.866, 33.292 ], [ 130.857, 33.327 ], [ 130.835, 33.344 ], [ 130.886, 33.38 ], [ 130.895, 33.446 ], [ 130.973, 33.506 ], [ 131.03, 33.519 ], [ 131.177, 33.507 ], [ 131.166, 33.527 ], [ 131.189, 33.548 ], [ 131.172, 33.583 ], [ 131.178, 33.605 ], [ 131.188, 33.62 ], [ 131.233, 33.601 ], [ 131.255, 33.616 ], [ 131.279, 33.581 ], [ 131.427, 33.567 ], [ 131.435, 33.57 ], [ 131.432, 33.574 ], [ 131.431, 33.574 ], [ 131.427, 33.576 ], [ 131.426, 33.576 ], [ 131.425, 33.579 ], [ 131.423, 33.582 ], [ 131.423, 33.588 ], [ 131.423, 33.595 ], [ 131.423, 33.588 ], [ 131.424, 33.58 ], [ 131.427, 33.576 ], [ 131.431, 33.574 ], [ 131.425, 33.582 ], [ 131.424, 33.588 ], [ 131.424, 33.593 ], [ 131.47, 33.615 ], [ 131.5, 33.671 ], [ 131.529, 33.673 ], [ 131.522, 33.684 ], [ 131.576, 33.675 ], [ 131.586, 33.693 ], [ 131.666, 33.668 ], [ 131.739, 33.571 ], [ 131.74, 33.466 ], [ 131.701, 33.406 ], [ 131.657, 33.423 ], [ 131.628, 33.421 ], [ 131.65, 33.384 ], [ 131.597, 33.372 ], [ 131.593, 33.347 ], [ 131.499, 33.36 ], [ 131.51, 33.271 ], [ 131.589, 33.246 ], [ 131.659, 33.277 ], [ 131.669, 33.258 ], [ 131.664, 33.278 ], [ 131.685, 33.266 ], [ 131.692, 33.279 ], [ 131.713, 33.26 ], [ 131.719, 33.266 ], [ 131.735, 33.251 ], [ 131.744, 33.253 ], [ 131.747, 33.244 ], [ 131.751, 33.242 ], [ 131.759, 33.24 ], [ 131.755, 33.252 ], [ 131.806, 33.242 ], [ 131.903, 33.268 ], [ 131.876, 33.245 ], [ 131.869, 33.201 ], [ 131.833, 33.181 ], [ 131.829, 33.15 ], [ 131.798, 33.127 ], [ 131.843, 33.114 ], [ 131.901, 33.135 ], [ 131.915, 33.123 ], [ 131.852, 33.089 ], [ 131.886, 33.073 ], [ 131.911, 33.082 ], [ 131.913, 33.066 ], [ 131.941, 33.097 ], [ 131.943, 33.069 ], [ 131.974, 33.062 ], [ 131.988, 33.091 ], [ 131.993, 33.091 ], [ 131.995, 33.094 ], [ 132.003, 33.096 ], [ 131.996, 33.08 ], [ 132.018, 33.06 ], [ 131.93, 33.053 ], [ 131.89, 32.991 ], [ 131.96, 32.946 ], [ 131.961, 32.96 ], [ 131.975, 32.964 ], [ 131.982, 32.939 ], [ 132.003, 32.959 ], [ 132.003, 32.932 ], [ 132.034, 32.94 ], [ 132.033, 32.954 ], [ 132.085, 32.933 ], [ 132.026, 32.935 ], [ 132.01, 32.906 ], [ 131.977, 32.923 ], [ 131.986, 32.889 ], [ 131.996, 32.9 ], [ 132.016, 32.891 ], [ 131.942, 32.837 ], [ 131.963, 32.819 ], [ 131.963, 32.838 ], [ 131.982, 32.825 ], [ 131.986, 32.846 ], [ 132.008, 32.827 ], [ 131.971, 32.792 ], [ 131.947, 32.806 ], [ 131.937, 32.784 ], [ 131.925, 32.801 ], [ 131.92, 32.785 ], [ 131.896, 32.787 ], [ 131.89, 32.805 ], [ 131.897, 32.765 ], [ 131.875, 32.79 ], [ 131.872, 32.752 ], [ 131.886, 32.747 ], [ 131.874, 32.74 ], [ 131.844, 32.747 ], [ 131.858, 32.822 ], [ 131.748, 32.833 ], [ 131.711, 32.772 ], [ 131.593, 32.775 ] ] ], [ [ [ 131.702, 33.73 ], [ 131.666, 33.717 ], [ 131.633, 33.722 ], [ 131.668, 33.74 ], [ 131.702, 33.73 ] ] ] ] } },
{ "type": "Feature", "properties": { "name": "大阪府" }, "geometry": { "type": "MultiPolygon", "coordinates": [ [ [ [ 135.201, 34.428 ], [ 135.242, 34.455 ], [ 135.245, 34.451 ], [ 135.254, 34.451 ], [ 135.255, 34.45 ], [ 135.233, 34.432 ], [ 135.265, 34.438 ], [ 135.225, 34.417 ], [ 135.229, 34.431 ], [ 135.201, 34.428 ] ] ], [ [ [ 135.42, 34.538 ], [ 135.441, 34.554 ], [ 135.422, 34.525 ], [ 135.4, 34.536 ], [ 135.409, 34.555 ], [ 135.42, 34.538 ] ] ], [ [ [ 135.432, 34.644 ], [ 135.442, 34.628 ], [ 135.4, 34.631 ], [ 135.398, 34.639 ], [ 135.432, 34.644 ] ] ], [ [ [ 135.223, 34.348 ], [ 135.351, 34.463 ], [ 135.353, 34.451 ], [ 135.365, 34.48 ], [ 135.376, 34.473 ], [ 135.367, 34.517 ], [ 135.379, 34.533 ], [ 135.39, 34.505 ], [ 135.432, 34.531 ], [ 135.445, 34.557 ], [ 135.409, 34.558 ], [ 135.402, 34.6 ], [ 135.421, 34.57 ], [ 135.426, 34.59 ], [ 135.452, 34.565 ], [ 135.45, 34.584 ], [ 135.466, 34.583 ], [ 135.426, 34.593 ], [ 135.445, 34.598 ], [ 135.423, 34.611 ], [ 135.423, 34.619 ], [ 135.448, 34.618 ], [ 135.451, 34.645 ], [ 135.414, 34.652 ], [ 135.426, 34.668 ], [ 135.407, 34.674 ], [ 135.422, 34.68 ], [ 135.409, 34.699 ], [ 135.46, 34.733 ], [ 135.416, 34.818 ], [ 135.446, 34.897 ], [ 135.419, 34.909 ], [ 135.468, 34.927 ], [ 135.346, 34.964 ], [ 135.355, 35.025 ], [ 135.33, 35.035 ], [ 135.359, 35.05 ], [ 135.38, 35.039 ], [ 135.382, 35.01 ], [ 135.493, 34.989 ], [ 135.481, 34.95 ], [ 135.541, 34.915 ], [ 135.581, 34.922 ], [ 135.581, 34.937 ], [ 135.557, 34.935 ], [ 135.573, 34.971 ], [ 135.613, 34.971 ], [ 135.599, 34.928 ], [ 135.649, 34.925 ], [ 135.747, 34.802 ], [ 135.727, 34.776 ], [ 135.71, 34.78 ], [ 135.704, 34.724 ], [ 135.673, 34.702 ], [ 135.65, 34.608 ], [ 135.682, 34.585 ], [ 135.65, 34.544 ], [ 135.677, 34.525 ], [ 135.685, 34.485 ], [ 135.687, 34.449 ], [ 135.664, 34.423 ], [ 135.676, 34.4 ], [ 135.577, 34.376 ], [ 135.508, 34.336 ], [ 135.485, 34.363 ], [ 135.397, 34.33 ], [ 135.338, 34.335 ], [ 135.293, 34.299 ], [ 135.283, 34.318 ], [ 135.254, 34.316 ], [ 135.208, 34.308 ], [ 135.184, 34.279 ], [ 135.123, 34.275 ], [ 135.092, 34.315 ], [ 135.223, 34.348 ] ] ] ] } },
{ "type": "Feature", "properties": { "name": "奈良県" }, "geometry": { "type": "Polygon", "coordinates": [ [ [ 135.872, 33.859 ], [ 135.851, 33.894 ], [ 135.809, 33.906 ], [ 135.756, 33.885 ], [ 135.686, 33.904 ], [ 135.618, 33.872 ], [ 135.623, 33.898 ], [ 135.6, 33.908 ], [ 135.617, 33.954 ], [ 135.637, 33.951 ], [ 135.639, 33.985 ], [ 135.622, 34.01 ], [ 135.594, 34.013 ], [ 135.58, 34.058 ], [ 135.54, 34.075 ], [ 135.589, 34.147 ], [ 135.642, 34.183 ], [ 135.644, 34.216 ], [ 135.708, 34.208 ], [ 135.73, 34.228 ], [ 135.716, 34.266 ], [ 135.673, 34.282 ], [ 135.651, 34.381 ], [ 135.676, 34.4 ], [ 135.664, 34.423 ], [ 135.687, 34.451 ], [ 135.677, 34.525 ], [ 135.65, 34.544 ], [ 135.682, 34.585 ], [ 135.65, 34.608 ], [ 135.673, 34.702 ], [ 135.704, 34.724 ], [ 135.712, 34.781 ], [ 135.756, 34.728 ], [ 135.849, 34.706 ], [ 135.89, 34.708 ], [ 135.924, 34.758 ], [ 135.926, 34.74 ], [ 135.976, 34.741 ], [ 135.986, 34.715 ], [ 136.014, 34.708 ], [ 136.055, 34.739 ], [ 136.071, 34.715 ], [ 136.054, 34.704 ], [ 136.086, 34.675 ], [ 136.064, 34.652 ], [ 136.04, 34.661 ], [ 136.074, 34.635 ], [ 136.05, 34.58 ], [ 136.114, 34.546 ], [ 136.155, 34.56 ], [ 136.168, 34.52 ], [ 136.215, 34.529 ], [ 136.23, 34.493 ], [ 136.206, 34.449 ], [ 136.096, 34.435 ], [ 136.069, 34.394 ], [ 136.13, 34.316 ], [ 136.095, 34.301 ], [ 136.132, 34.252 ], [ 136.093, 34.19 ], [ 136.115, 34.161 ], [ 136.099, 34.119 ], [ 136.119, 34.082 ], [ 136.093, 34.083 ], [ 136.104, 34.026 ], [ 136.02, 34.037 ], [ 135.985, 33.992 ], [ 135.922, 33.978 ], [ 135.892, 33.946 ], [ 135.909, 33.918 ], [ 135.893, 33.906 ], [ 135.866, 33.922 ], [ 135.86, 33.889 ], [ 135.883, 33.879 ], [ 135.872, 33.859 ] ] ] } },
{ "type": "Feature", "properties": { "name": "宮城県" }, "geometry": { "type": "MultiPolygon", "coordinates": [ [ [ [ 141.46, 38.283 ], [ 141.482, 38.278 ], [ 141.5, 38.246 ], [ 141.457, 38.268 ], [ 141.46, 38.283 ] ] ], [ [ [ 141.57, 38.313 ], [ 141.59, 38.302 ], [ 141.586, 38.277 ], [ 141.575, 38.269 ], [ 141.55, 38.297 ], [ 141.549, 38.304 ], [ 141.57, 38.313 ] ] ], [ [ [ 141.147, 38.325 ], [ 141.138, 38.322 ], [ 141.131, 38.339 ], [ 141.15, 38.357 ], [ 141.158, 38.354 ], [ 141.107, 38.386 ], [ 141.105, 38.368 ], [ 141.074, 38.378 ], [ 141.066, 38.351 ], [ 141.038, 38.343 ], [ 141.039, 38.334 ], [ 141.05, 38.34 ], [ 141.048, 38.337 ], [ 141.052, 38.334 ], [ 141.051, 38.332 ], [ 141.054, 38.331 ], [ 141.053, 38.33 ], [ 141.024, 38.32 ], [ 141.046, 38.319 ], [ 141.036, 38.306 ], [ 141.076, 38.32 ], [ 141.088, 38.296 ], [ 141.042, 38.27 ], [ 141.029, 38.283 ], [ 140.999, 38.273 ], [ 141.047, 38.265 ], [ 141.022, 38.264 ], [ 140.979, 38.208 ], [ 140.931, 38.102 ], [ 140.915, 37.979 ], [ 140.931, 37.896 ], [ 140.856, 37.891 ], [ 140.858, 37.803 ], [ 140.775, 37.806 ], [ 140.765, 37.797 ], [ 140.803, 37.78 ], [ 140.793, 37.773 ], [ 140.694, 37.803 ], [ 140.679, 37.836 ], [ 140.69, 37.888 ], [ 140.663, 37.9 ], [ 140.566, 37.923 ], [ 140.489, 37.899 ], [ 140.47, 37.918 ], [ 140.475, 37.947 ], [ 140.407, 37.974 ], [ 140.349, 37.95 ], [ 140.275, 37.982 ], [ 140.29, 38.007 ], [ 140.278, 38.057 ], [ 140.374, 38.057 ], [ 140.418, 38.08 ], [ 140.425, 38.122 ], [ 140.48, 38.182 ], [ 140.471, 38.269 ], [ 140.53, 38.321 ], [ 140.526, 38.358 ], [ 140.578, 38.393 ], [ 140.58, 38.437 ], [ 140.62, 38.455 ], [ 140.567, 38.501 ], [ 140.572, 38.526 ], [ 140.554, 38.541 ], [ 140.578, 38.57 ], [ 140.537, 38.635 ], [ 140.547, 38.65 ], [ 140.602, 38.641 ], [ 140.624, 38.687 ], [ 140.607, 38.721 ], [ 140.646, 38.77 ], [ 140.604, 38.784 ], [ 140.591, 38.836 ], [ 140.54, 38.862 ], [ 140.547, 38.889 ], [ 140.562, 38.873 ], [ 140.614, 38.894 ], [ 140.639, 38.883 ], [ 140.745, 38.956 ], [ 140.824, 38.964 ], [ 140.958, 38.908 ], [ 140.985, 38.875 ], [ 141.14, 38.878 ], [ 141.147, 38.856 ], [ 141.105, 38.837 ], [ 141.105, 38.823 ], [ 141.142, 38.812 ], [ 141.146, 38.784 ], [ 141.181, 38.785 ], [ 141.233, 38.748 ], [ 141.272, 38.797 ], [ 141.305, 38.793 ], [ 141.309, 38.822 ], [ 141.394, 38.8 ], [ 141.415, 38.786 ], [ 141.41, 38.768 ], [ 141.438, 38.782 ], [ 141.429, 38.811 ], [ 141.459, 38.814 ], [ 141.45, 38.837 ], [ 141.466, 38.856 ], [ 141.451, 38.876 ], [ 141.492, 38.913 ], [ 141.49, 38.998 ], [ 141.567, 38.996 ], [ 141.634, 38.969 ], [ 141.648, 38.942 ], [ 141.634, 38.93 ], [ 141.675, 38.858 ], [ 141.638, 38.902 ], [ 141.607, 38.88 ], [ 141.587, 38.909 ], [ 141.575, 38.906 ], [ 141.604, 38.828 ], [ 141.521, 38.789 ], [ 141.513, 38.768 ], [ 141.546, 38.734 ], [ 141.565, 38.74 ], [ 141.562, 38.691 ], [ 141.529, 38.718 ], [ 141.511, 38.685 ], [ 141.49, 38.69 ], [ 141.495, 38.674 ], [ 141.444, 38.673 ], [ 141.443, 38.644 ], [ 141.464, 38.648 ], [ 141.53, 38.637 ], [ 141.524, 38.609 ], [ 141.459, 38.578 ], [ 141.494, 38.533 ], [ 141.535, 38.547 ], [ 141.537, 38.49 ], [ 141.469, 38.521 ], [ 141.497, 38.495 ], [ 141.476, 38.464 ], [ 141.513, 38.45 ], [ 141.447, 38.444 ], [ 141.475, 38.42 ], [ 141.47, 38.394 ], [ 141.502, 38.416 ], [ 141.514, 38.393 ], [ 141.539, 38.401 ], [ 141.531, 38.382 ], [ 141.512, 38.392 ], [ 141.481, 38.375 ], [ 141.518, 38.369 ], [ 141.534, 38.34 ], [ 141.525, 38.273 ], [ 141.494, 38.308 ], [ 141.449, 38.315 ], [ 141.474, 38.329 ], [ 141.461, 38.352 ], [ 141.416, 38.346 ], [ 141.459, 38.373 ], [ 141.432, 38.374 ], [ 141.423, 38.384 ], [ 141.434, 38.396 ], [ 141.43, 38.4 ], [ 141.373, 38.383 ], [ 141.364, 38.412 ], [ 141.306, 38.415 ], [ 141.271, 38.394 ], [ 141.286, 38.416 ], [ 141.273, 38.42 ], [ 141.159, 38.354 ], [ 141.169, 38.35 ], [ 141.183, 38.322 ], [ 141.15, 38.333 ], [ 141.141, 38.334 ], [ 141.147, 38.325 ] ] ], [ [ [ 141.616, 38.839 ], [ 141.605, 38.86 ], [ 141.613, 38.865 ], [ 141.602, 38.874 ], [ 141.624, 38.885 ], [ 141.638, 38.84 ], [ 141.625, 38.831 ], [ 141.624, 38.831 ], [ 141.623, 38.835 ], [ 141.616, 38.839 ] ] ] ] } },
{ "type": "Feature", "properties": { "name": "宮崎県" }, "geometry": { "type": "Polygon", "coordinates": [ [ [ 131.25, 31.384 ], [ 131.242, 31.427 ], [ 131.16, 31.46 ], [ 131.17, 31.5 ], [ 131.201, 31.518 ], [ 131.188, 31.625 ], [ 131.164, 31.639 ], [ 131.118, 31.629 ], [ 131.079, 31.66 ], [ 131.054, 31.633 ], [ 131.026, 31.667 ], [ 131.017, 31.747 ], [ 130.979, 31.752 ], [ 130.99, 31.778 ], [ 130.877, 31.816 ], [ 130.875, 31.843 ], [ 130.914, 31.886 ], [ 130.866, 31.934 ], [ 130.8, 31.95 ], [ 130.778, 32.016 ], [ 130.704, 32.058 ], [ 130.703, 32.077 ], [ 130.735, 32.109 ], [ 130.821, 32.095 ], [ 130.906, 32.134 ], [ 130.933, 32.116 ], [ 130.974, 32.121 ], [ 131.012, 32.174 ], [ 131.059, 32.155 ], [ 131.109, 32.16 ], [ 131.101, 32.202 ], [ 131.042, 32.258 ], [ 131.051, 32.286 ], [ 131.079, 32.281 ], [ 131.112, 32.33 ], [ 131.074, 32.361 ], [ 131.068, 32.407 ], [ 131.044, 32.408 ], [ 131.02, 32.439 ], [ 131.009, 32.515 ], [ 131.046, 32.585 ], [ 131.108, 32.582 ], [ 131.116, 32.642 ], [ 131.144, 32.676 ], [ 131.175, 32.672 ], [ 131.18, 32.712 ], [ 131.235, 32.744 ], [ 131.235, 32.781 ], [ 131.265, 32.826 ], [ 131.34, 32.833 ], [ 131.364, 32.803 ], [ 131.475, 32.837 ], [ 131.517, 32.801 ], [ 131.511, 32.77 ], [ 131.568, 32.754 ], [ 131.593, 32.775 ], [ 131.711, 32.772 ], [ 131.742, 32.834 ], [ 131.855, 32.823 ], [ 131.847, 32.736 ], [ 131.874, 32.74 ], [ 131.884, 32.747 ], [ 131.886, 32.746 ], [ 131.858, 32.731 ], [ 131.865, 32.716 ], [ 131.85, 32.722 ], [ 131.851, 32.693 ], [ 131.827, 32.707 ], [ 131.79, 32.662 ], [ 131.777, 32.674 ], [ 131.765, 32.643 ], [ 131.751, 32.645 ], [ 131.774, 32.64 ], [ 131.755, 32.603 ], [ 131.712, 32.59 ], [ 131.689, 32.56 ], [ 131.685, 32.509 ], [ 131.714, 32.52 ], [ 131.729, 32.492 ], [ 131.695, 32.469 ], [ 131.657, 32.48 ], [ 131.642, 32.439 ], [ 131.675, 32.454 ], [ 131.68, 32.43 ], [ 131.662, 32.432 ], [ 131.655, 32.427 ], [ 131.676, 32.421 ], [ 131.684, 32.427 ], [ 131.686, 32.425 ], [ 131.689, 32.425 ], [ 131.69, 32.424 ], [ 131.69, 32.424 ], [ 131.645, 32.408 ], [ 131.629, 32.343 ], [ 131.586, 32.293 ], [ 131.475, 31.919 ], [ 131.46, 31.916 ], [ 131.455, 31.898 ], [ 131.464, 31.914 ], [ 131.487, 31.923 ], [ 131.452, 31.852 ], [ 131.454, 31.816 ], [ 131.489, 31.785 ], [ 131.456, 31.698 ], [ 131.466, 31.692 ], [ 131.469, 31.686 ], [ 131.45, 31.68 ], [ 131.469, 31.645 ], [ 131.418, 31.604 ], [ 131.409, 31.589 ], [ 131.414, 31.579 ], [ 131.406, 31.562 ], [ 131.41, 31.576 ], [ 131.402, 31.582 ], [ 131.381, 31.555 ], [ 131.373, 31.507 ], [ 131.39, 31.485 ], [ 131.363, 31.472 ], [ 131.372, 31.43 ], [ 131.332, 31.396 ], [ 131.349, 31.366 ], [ 131.323, 31.365 ], [ 131.309, 31.391 ], [ 131.25, 31.384 ] ] ] } },
{ "type": "Feature", "properties": { "name": "富山県" }, "geometry": { "type": "Polygon", "coordinates": [ [ [ 136.872, 36.35 ], [ 136.871, 36.368 ], [ 136.865, 36.35 ], [ 136.837, 36.347 ], [ 136.832, 36.307 ], [ 136.791, 36.301 ], [ 136.785, 36.344 ], [ 136.808, 36.359 ], [ 136.769, 36.429 ], [ 136.797, 36.445 ], [ 136.795, 36.511 ], [ 136.817, 36.552 ], [ 136.791, 36.57 ], [ 136.783, 36.617 ], [ 136.824, 36.67 ], [ 136.789, 36.719 ], [ 136.849, 36.759 ], [ 136.879, 36.906 ], [ 136.931, 36.951 ], [ 136.974, 36.944 ], [ 136.987, 36.967 ], [ 137.052, 36.959 ], [ 136.985, 36.877 ], [ 136.991, 36.854 ], [ 137.082, 36.784 ], [ 137.114, 36.782 ], [ 137.114, 36.775 ], [ 137.094, 36.776 ], [ 137.093, 36.77 ], [ 137.133, 36.757 ], [ 137.118, 36.767 ], [ 137.119, 36.784 ], [ 137.184, 36.757 ], [ 137.334, 36.762 ], [ 137.393, 36.807 ], [ 137.426, 36.925 ], [ 137.491, 36.954 ], [ 137.635, 36.98 ], [ 137.667, 36.95 ], [ 137.711, 36.944 ], [ 137.73, 36.826 ], [ 137.763, 36.768 ], [ 137.753, 36.594 ], [ 137.688, 36.562 ], [ 137.705, 36.518 ], [ 137.669, 36.509 ], [ 137.637, 36.428 ], [ 137.608, 36.419 ], [ 137.592, 36.39 ], [ 137.541, 36.391 ], [ 137.504, 36.426 ], [ 137.461, 36.412 ], [ 137.41, 36.425 ], [ 137.39, 36.46 ], [ 137.313, 36.425 ], [ 137.317, 36.461 ], [ 137.279, 36.465 ], [ 137.206, 36.428 ], [ 137.192, 36.455 ], [ 137.16, 36.456 ], [ 137.095, 36.384 ], [ 137.059, 36.373 ], [ 137.052, 36.328 ], [ 136.975, 36.274 ], [ 136.958, 36.278 ], [ 136.973, 36.31 ], [ 136.947, 36.346 ], [ 136.907, 36.361 ], [ 136.872, 36.35 ] ] ] } },
{ "type": "Feature", "properties": { "name": "山口県" }, "geometry": { "type": "MultiPolygon", "coordinates": [ [ [ [ 130.915, 33.941 ], [ 130.912, 34.059 ], [ 130.888, 34.065 ], [ 130.86, 34.111 ], [ 130.867, 34.137 ], [ 130.901, 34.139 ], [ 130.934, 34.189 ], [ 130.921, 34.24 ], [ 130.867, 34.289 ], [ 130.898, 34.317 ], [ 130.901, 34.363 ], [ 130.928, 34.341 ], [ 130.996, 34.373 ], [ 131.036, 34.371 ], [ 131.016, 34.405 ], [ 130.959, 34.408 ], [ 130.955, 34.389 ], [ 130.935, 34.392 ], [ 130.972, 34.442 ], [ 131.02, 34.411 ], [ 131.132, 34.418 ], [ 131.163, 34.372 ], [ 131.199, 34.398 ], [ 131.215, 34.371 ], [ 131.225, 34.393 ], [ 131.305, 34.382 ], [ 131.337, 34.418 ], [ 131.413, 34.425 ], [ 131.421, 34.442 ], [ 131.394, 34.456 ], [ 131.417, 34.449 ], [ 131.462, 34.486 ], [ 131.45, 34.517 ], [ 131.467, 34.538 ], [ 131.499, 34.532 ], [ 131.539, 34.563 ], [ 131.557, 34.616 ], [ 131.607, 34.628 ], [ 131.589, 34.633 ], [ 131.604, 34.662 ], [ 131.635, 34.665 ], [ 131.638, 34.646 ], [ 131.644, 34.641 ], [ 131.65, 34.641 ], [ 131.668, 34.676 ], [ 131.69, 34.681 ], [ 131.695, 34.621 ], [ 131.718, 34.613 ], [ 131.728, 34.576 ], [ 131.668, 34.504 ], [ 131.699, 34.477 ], [ 131.697, 34.435 ], [ 131.794, 34.436 ], [ 131.763, 34.381 ], [ 131.777, 34.333 ], [ 131.831, 34.303 ], [ 131.881, 34.309 ], [ 131.919, 34.338 ], [ 131.959, 34.306 ], [ 132.013, 34.371 ], [ 131.998, 34.428 ], [ 132.025, 34.462 ], [ 132.066, 34.468 ], [ 132.081, 34.443 ], [ 132.07, 34.356 ], [ 132.127, 34.333 ], [ 132.144, 34.237 ], [ 132.205, 34.229 ], [ 132.195, 34.204 ], [ 132.246, 34.211 ], [ 132.231, 34.186 ], [ 132.249, 34.177 ], [ 132.257, 34.131 ], [ 132.222, 34.131 ], [ 132.202, 34.125 ], [ 132.199, 34.119 ], [ 132.222, 34.04 ], [ 132.213, 34.002 ], [ 132.185, 33.961 ], [ 132.119, 33.953 ], [ 132.128, 33.888 ], [ 132.159, 33.851 ], [ 132.13, 33.833 ], [ 132.115, 33.834 ], [ 132.12, 33.876 ], [ 132.045, 33.909 ], [ 132.056, 33.913 ], [ 132.057, 33.92 ], [ 132.025, 33.902 ], [ 131.981, 33.93 ], [ 131.965, 33.918 ], [ 131.963, 33.946 ], [ 131.861, 33.988 ], [ 131.864, 34.007 ], [ 131.832, 34.011 ], [ 131.795, 33.988 ], [ 131.815, 33.969 ], [ 131.778, 33.974 ], [ 131.828, 34.029 ], [ 131.802, 34.043 ], [ 131.781, 34.028 ], [ 131.797, 34.059 ], [ 131.737, 34.046 ], [ 131.734, 34.049 ], [ 131.739, 34.055 ], [ 131.761, 34.068 ], [ 131.742, 34.072 ], [ 131.698, 34.046 ], [ 131.635, 34.047 ], [ 131.61, 34.021 ], [ 131.599, 34.039 ], [ 131.54, 33.998 ], [ 131.474, 34.038 ], [ 131.48, 34.012 ], [ 131.441, 33.983 ], [ 131.423, 34.016 ], [ 131.396, 33.985 ], [ 131.417, 34.021 ], [ 131.395, 34.025 ], [ 131.404, 34.043 ], [ 131.385, 34.051 ], [ 131.378, 34.008 ], [ 131.348, 33.981 ], [ 131.356, 33.966 ], [ 131.245, 33.919 ], [ 131.256, 33.932 ], [ 131.233, 33.927 ], [ 131.239, 33.951 ], [ 131.215, 33.937 ], [ 131.227, 33.945 ], [ 131.233, 33.954 ], [ 131.228, 33.964 ], [ 131.178, 33.931 ], [ 131.158, 33.953 ], [ 131.17, 33.997 ], [ 131.134, 34.004 ], [ 131.14, 33.992 ], [ 131.133, 33.99 ], [ 131.1, 34.033 ], [ 131.037, 34.057 ], [ 130.997, 33.99 ], [ 130.917, 33.94 ], [ 130.925, 33.937 ], [ 130.923, 33.914 ], [ 130.902, 33.917 ], [ 130.91, 33.926 ], [ 130.883, 33.954 ], [ 130.915, 33.941 ] ], [ [ 131.739, 34.048 ], [ 131.74, 34.05 ], [ 131.739, 34.05 ], [ 131.738, 34.049 ], [ 131.739, 34.048 ] ], [ [ 131.742, 34.053 ], [ 131.74, 34.054 ], [ 131.735, 34.047 ], [ 131.739, 34.05 ], [ 131.74, 34.05 ], [ 131.741, 34.051 ], [ 131.742, 34.053 ] ], [ [ 131.737, 34.046 ], [ 131.739, 34.047 ], [ 131.738, 34.049 ], [ 131.735, 34.047 ], [ 131.737, 34.046 ] ] ], [ [ [ 131.565, 34.0 ], [ 131.583, 34.024 ], [ 131.601, 34.015 ], [ 131.567, 33.986 ], [ 131.565, 34.0 ] ] ], [ [ [ 131.733, 33.982 ], [ 131.704, 34.0 ], [ 131.691, 34.008 ], [ 131.709, 34.035 ], [ 131.711, 34.0 ], [ 131.733, 33.982 ] ] ], [ [ [ 131.744, 34.022 ], [ 131.726, 34.028 ], [ 131.75, 34.034 ], [ 131.763, 34.048 ], [ 131.78, 34.049 ], [ 131.744, 34.022 ] ] ], [ [ [ 131.26, 34.417 ], [ 131.224, 34.427 ], [ 131.204, 34.398 ], [ 131.173, 34.417 ], [ 131.167, 34.429 ], [ 131.167, 34.432 ], [ 131.261, 34.43 ], [ 131.26, 34.417 ] ] ], [ [ [ 131.164, 34.777 ], [ 131.155, 34.76 ], [ 131.133, 34.766 ], [ 131.127, 34.793 ], [ 131.131, 34.799 ], [ 131.164, 34.777 ] ] ], [ [ [ 132.143, 33.75 ], [ 132.152, 33.764 ], [ 132.153, 33.727 ], [ 132.134, 33.713 ], [ 132.143, 33.75 ] ] ], [ [ [ 131.949, 33.775 ], [ 131.968, 33.798 ], [ 131.993, 33.786 ], [ 131.964, 33.769 ], [ 131.949, 33.775 ] ] ], [ [ [ 132.274, 33.782 ], [ 132.25, 33.774 ], [ 132.197, 33.804 ], [ 132.172, 33.804 ], [ 132.221, 33.816 ], [ 132.274, 33.782 ] ] ], [ [ [ 132.05, 33.785 ], [ 132.028, 33.793 ], [ 132.055, 33.798 ], [ 132.078, 33.833 ], [ 132.071, 33.858 ], [ 132.118, 33.83 ], [ 132.088, 33.826 ], [ 132.05, 33.785 ] ] ], [ [ [ 132.286, 33.955 ], [ 132.331, 33.901 ], [ 132.402, 33.929 ], [ 132.417, 33.953 ], [ 132.472, 33.95 ], [ 132.408, 33.91 ], [ 132.376, 33.914 ], [ 132.361, 33.861 ], [ 132.326, 33.858 ], [ 132.338, 33.882 ], [ 132.289, 33.902 ], [ 132.268, 33.89 ], [ 132.279, 33.871 ], [ 132.22, 33.875 ], [ 132.208, 33.857 ], [ 132.177, 33.917 ], [ 132.184, 33.953 ], [ 132.211, 33.951 ], [ 132.215, 33.966 ], [ 132.286, 33.955 ] ] ], [ [ [ 131.821, 33.959 ], [ 131.821, 33.945 ], [ 131.849, 33.953 ], [ 131.858, 33.99 ], [ 131.875, 33.97 ], [ 131.835, 33.933 ], [ 131.806, 33.94 ], [ 131.808, 33.952 ], [ 131.821, 33.959 ] ] ] ] } },
{ "type": "Feature", "properties": { "name": "山形県" }, "geometry": { "type": "Polygon", "coordinates": [ [ [ 140.093, 37.75 ], [ 140.051, 37.779 ], [ 139.986, 37.76 ], [ 139.933, 37.829 ], [ 139.925, 37.813 ], [ 139.858, 37.827 ], [ 139.81, 37.803 ], [ 139.783, 37.832 ], [ 139.741, 37.82 ], [ 139.716, 37.854 ], [ 139.681, 37.847 ], [ 139.657, 37.863 ], [ 139.625, 37.918 ], [ 139.655, 38.035 ], [ 139.693, 38.057 ], [ 139.692, 38.075 ], [ 139.671, 38.077 ], [ 139.694, 38.116 ], [ 139.682, 38.171 ], [ 139.699, 38.203 ], [ 139.786, 38.192 ], [ 139.86, 38.231 ], [ 139.9, 38.287 ], [ 139.849, 38.343 ], [ 139.771, 38.353 ], [ 139.723, 38.394 ], [ 139.71, 38.387 ], [ 139.722, 38.496 ], [ 139.6, 38.522 ], [ 139.539, 38.558 ], [ 139.624, 38.685 ], [ 139.754, 38.786 ], [ 139.805, 38.906 ], [ 139.793, 38.937 ], [ 139.809, 38.925 ], [ 139.812, 38.951 ], [ 139.836, 38.956 ], [ 139.819, 38.961 ], [ 139.873, 39.07 ], [ 139.87, 39.118 ], [ 139.994, 39.106 ], [ 140.062, 39.133 ], [ 140.063, 39.093 ], [ 140.152, 39.048 ], [ 140.198, 39.061 ], [ 140.202, 39.035 ], [ 140.311, 39.014 ], [ 140.328, 39.035 ], [ 140.362, 39.026 ], [ 140.376, 38.994 ], [ 140.446, 38.98 ], [ 140.465, 38.917 ], [ 140.5, 38.895 ], [ 140.538, 38.9 ], [ 140.54, 38.862 ], [ 140.591, 38.836 ], [ 140.604, 38.784 ], [ 140.646, 38.77 ], [ 140.607, 38.721 ], [ 140.624, 38.687 ], [ 140.602, 38.641 ], [ 140.547, 38.65 ], [ 140.537, 38.636 ], [ 140.578, 38.57 ], [ 140.554, 38.541 ], [ 140.572, 38.526 ], [ 140.567, 38.501 ], [ 140.62, 38.455 ], [ 140.58, 38.437 ], [ 140.578, 38.393 ], [ 140.526, 38.358 ], [ 140.53, 38.321 ], [ 140.471, 38.269 ], [ 140.468, 38.157 ], [ 140.426, 38.123 ], [ 140.403, 38.071 ], [ 140.277, 38.056 ], [ 140.29, 38.007 ], [ 140.262, 37.834 ], [ 140.299, 37.807 ], [ 140.236, 37.746 ], [ 140.166, 37.757 ], [ 140.124, 37.734 ], [ 140.093, 37.75 ] ] ] } },
{ "type": "Feature", "properties": { "name": "山梨県" }, "geometry": { "type": "Polygon", "coordinates": [ [ [ 138.491, 35.168 ], [ 138.399, 35.2 ], [ 138.358, 35.318 ], [ 138.326, 35.328 ], [ 138.282, 35.305 ], [ 138.255, 35.32 ], [ 138.251, 35.364 ], [ 138.232, 35.371 ], [ 138.258, 35.407 ], [ 138.244, 35.459 ], [ 138.269, 35.514 ], [ 138.232, 35.64 ], [ 138.193, 35.672 ], [ 138.18, 35.714 ], [ 138.237, 35.758 ], [ 138.185, 35.791 ], [ 138.233, 35.876 ], [ 138.25, 35.886 ], [ 138.284, 35.859 ], [ 138.379, 35.972 ], [ 138.445, 35.95 ], [ 138.444, 35.918 ], [ 138.472, 35.896 ], [ 138.511, 35.922 ], [ 138.591, 35.92 ], [ 138.612, 35.909 ], [ 138.611, 35.874 ], [ 138.676, 35.87 ], [ 138.686, 35.894 ], [ 138.729, 35.909 ], [ 138.892, 35.84 ], [ 138.945, 35.854 ], [ 139.025, 35.72 ], [ 139.131, 35.672 ], [ 139.117, 35.655 ], [ 139.13, 35.566 ], [ 139.112, 35.535 ], [ 138.937, 35.449 ], [ 138.916, 35.401 ], [ 138.874, 35.379 ], [ 138.851, 35.391 ], [ 138.681, 35.358 ], [ 138.664, 35.398 ], [ 138.609, 35.393 ], [ 138.582, 35.446 ], [ 138.559, 35.434 ], [ 138.532, 35.409 ], [ 138.535, 35.331 ], [ 138.512, 35.314 ], [ 138.533, 35.201 ], [ 138.491, 35.168 ] ] ] } },
{ "type": "Feature", "properties": { "name": "岐阜県" }, "geometry": { "type": "Polygon", "coordinates": [ [ [ 136.606, 35.167 ], [ 136.547, 35.22 ], [ 136.534, 35.257 ], [ 136.441, 35.217 ], [ 136.377, 35.243 ], [ 136.397, 35.258 ], [ 136.391, 35.29 ], [ 136.422, 35.348 ], [ 136.412, 35.37 ], [ 136.444, 35.389 ], [ 136.412, 35.419 ], [ 136.421, 35.466 ], [ 136.387, 35.489 ], [ 136.4, 35.53 ], [ 136.373, 35.56 ], [ 136.346, 35.536 ], [ 136.318, 35.547 ], [ 136.324, 35.616 ], [ 136.279, 35.637 ], [ 136.292, 35.691 ], [ 136.324, 35.717 ], [ 136.328, 35.775 ], [ 136.378, 35.795 ], [ 136.486, 35.776 ], [ 136.506, 35.75 ], [ 136.523, 35.788 ], [ 136.571, 35.777 ], [ 136.645, 35.807 ], [ 136.658, 35.783 ], [ 136.723, 35.808 ], [ 136.789, 35.799 ], [ 136.802, 35.844 ], [ 136.832, 35.86 ], [ 136.814, 35.911 ], [ 136.784, 35.926 ], [ 136.793, 35.946 ], [ 136.753, 35.956 ], [ 136.752, 35.989 ], [ 136.727, 35.996 ], [ 136.733, 36.049 ], [ 136.765, 36.069 ], [ 136.754, 36.09 ], [ 136.781, 36.142 ], [ 136.766, 36.163 ], [ 136.798, 36.173 ], [ 136.852, 36.247 ], [ 136.792, 36.299 ], [ 136.832, 36.307 ], [ 136.837, 36.347 ], [ 136.865, 36.35 ], [ 136.871, 36.368 ], [ 136.875, 36.343 ], [ 136.907, 36.361 ], [ 136.955, 36.339 ], [ 136.973, 36.31 ], [ 136.958, 36.278 ], [ 136.975, 36.274 ], [ 137.052, 36.328 ], [ 137.059, 36.373 ], [ 137.095, 36.384 ], [ 137.16, 36.456 ], [ 137.192, 36.455 ], [ 137.206, 36.428 ], [ 137.279, 36.465 ], [ 137.317, 36.461 ], [ 137.314, 36.425 ], [ 137.39, 36.46 ], [ 137.404, 36.427 ], [ 137.445, 36.413 ], [ 137.511, 36.424 ], [ 137.541, 36.391 ], [ 137.587, 36.39 ], [ 137.587, 36.372 ], [ 137.645, 36.342 ], [ 137.648, 36.289 ], [ 137.573, 36.219 ], [ 137.595, 36.172 ], [ 137.555, 36.14 ], [ 137.55, 36.113 ], [ 137.614, 36.076 ], [ 137.595, 36.013 ], [ 137.543, 35.983 ], [ 137.477, 35.894 ], [ 137.435, 35.905 ], [ 137.381, 35.892 ], [ 137.325, 35.812 ], [ 137.46, 35.761 ], [ 137.497, 35.688 ], [ 137.545, 35.651 ], [ 137.514, 35.608 ], [ 137.538, 35.584 ], [ 137.571, 35.584 ], [ 137.574, 35.545 ], [ 137.632, 35.51 ], [ 137.632, 35.47 ], [ 137.593, 35.447 ], [ 137.635, 35.401 ], [ 137.575, 35.4 ], [ 137.599, 35.379 ], [ 137.604, 35.333 ], [ 137.557, 35.31 ], [ 137.562, 35.283 ], [ 137.519, 35.283 ], [ 137.43, 35.223 ], [ 137.308, 35.291 ], [ 137.187, 35.253 ], [ 137.165, 35.283 ], [ 137.081, 35.292 ], [ 137.068, 35.336 ], [ 137.047, 35.337 ], [ 137.047, 35.366 ], [ 136.978, 35.403 ], [ 136.986, 35.425 ], [ 136.924, 35.38 ], [ 136.834, 35.356 ], [ 136.769, 35.367 ], [ 136.678, 35.242 ], [ 136.673, 35.135 ], [ 136.651, 35.163 ], [ 136.645, 35.145 ], [ 136.624, 35.146 ], [ 136.606, 35.167 ] ] ] } },
{ "type": "Feature", "properties": { "name": "岡山県" }, "geometry": { "type": "MultiPolygon", "coordinates": [ [ [ [ 133.545, 34.402 ], [ 133.56, 34.37 ], [ 133.545, 34.367 ], [ 133.516, 34.386 ], [ 133.545, 34.402 ] ] ], [ [ [ 134.347, 34.709 ], [ 134.317, 34.703 ], [ 134.275, 34.713 ], [ 134.297, 34.73 ], [ 134.347, 34.709 ] ] ], [ [ [ 133.739, 34.525 ], [ 133.719, 34.496 ], [ 133.743, 34.471 ], [ 133.704, 34.478 ], [ 133.705, 34.523 ], [ 133.688, 34.526 ], [ 133.679, 34.523 ], [ 133.691, 34.52 ], [ 133.69, 34.505 ], [ 133.659, 34.521 ], [ 133.593, 34.491 ], [ 133.601, 34.473 ], [ 133.541, 34.461 ], [ 133.509, 34.5 ], [ 133.486, 34.514 ], [ 133.527, 34.454 ], [ 133.488, 34.441 ], [ 133.473, 34.444 ], [ 133.49, 34.459 ], [ 133.484, 34.466 ], [ 133.456, 34.455 ], [ 133.446, 34.556 ], [ 133.385, 34.617 ], [ 133.403, 34.672 ], [ 133.358, 34.733 ], [ 133.378, 34.808 ], [ 133.336, 34.835 ], [ 133.295, 34.896 ], [ 133.309, 34.937 ], [ 133.297, 34.956 ], [ 133.322, 35.006 ], [ 133.267, 35.053 ], [ 133.291, 35.071 ], [ 133.291, 35.1 ], [ 133.403, 35.114 ], [ 133.413, 35.133 ], [ 133.393, 35.168 ], [ 133.407, 35.186 ], [ 133.448, 35.171 ], [ 133.501, 35.193 ], [ 133.526, 35.183 ], [ 133.506, 35.228 ], [ 133.561, 35.247 ], [ 133.597, 35.345 ], [ 133.745, 35.32 ], [ 133.8, 35.293 ], [ 133.832, 35.249 ], [ 133.866, 35.272 ], [ 133.862, 35.293 ], [ 133.925, 35.307 ], [ 133.934, 35.335 ], [ 134.015, 35.35 ], [ 134.008, 35.308 ], [ 134.098, 35.306 ], [ 134.14, 35.279 ], [ 134.151, 35.258 ], [ 134.137, 35.239 ], [ 134.164, 35.228 ], [ 134.153, 35.196 ], [ 134.177, 35.169 ], [ 134.26, 35.211 ], [ 134.321, 35.202 ], [ 134.398, 35.25 ], [ 134.38, 35.209 ], [ 134.412, 35.186 ], [ 134.412, 35.153 ], [ 134.367, 35.147 ], [ 134.35, 35.091 ], [ 134.319, 35.083 ], [ 134.317, 35.044 ], [ 134.268, 35.022 ], [ 134.287, 34.996 ], [ 134.253, 34.944 ], [ 134.295, 34.907 ], [ 134.253, 34.852 ], [ 134.335, 34.769 ], [ 134.313, 34.738 ], [ 134.324, 34.732 ], [ 134.322, 34.722 ], [ 134.298, 34.737 ], [ 134.244, 34.715 ], [ 134.186, 34.743 ], [ 134.205, 34.727 ], [ 134.192, 34.72 ], [ 134.195, 34.717 ], [ 134.214, 34.716 ], [ 134.197, 34.708 ], [ 134.236, 34.715 ], [ 134.245, 34.698 ], [ 134.171, 34.653 ], [ 134.187, 34.632 ], [ 134.171, 34.614 ], [ 134.086, 34.58 ], [ 134.054, 34.587 ], [ 134.063, 34.609 ], [ 133.952, 34.603 ], [ 133.959, 34.584 ], [ 134.027, 34.599 ], [ 134.047, 34.577 ], [ 134.031, 34.551 ], [ 134.001, 34.546 ], [ 134.003, 34.511 ], [ 133.979, 34.533 ], [ 133.959, 34.523 ], [ 133.965, 34.495 ], [ 133.934, 34.474 ], [ 133.943, 34.455 ], [ 133.83, 34.476 ], [ 133.815, 34.468 ], [ 133.808, 34.458 ], [ 133.821, 34.429 ], [ 133.781, 34.439 ], [ 133.739, 34.525 ] ] ] ] } },
{ "type": "Feature", "properties": { "name": "岩手県" }, "geometry": { "type": "MultiPolygon", "coordinates": [ [ [ [ 141.889, 39.273 ], [ 141.889, 39.273 ], [ 141.889, 39.273 ], [ 141.889, 39.273 ] ] ], [ [ [ 140.802, 39.078 ], [ 140.753, 39.086 ], [ 140.77, 39.124 ], [ 140.749, 39.138 ], [ 140.808, 39.18 ], [ 140.765, 39.198 ], [ 140.789, 39.238 ], [ 140.694, 39.3 ], [ 140.708, 39.334 ], [ 140.679, 39.383 ], [ 140.653, 39.391 ], [ 140.658, 39.415 ], [ 140.685, 39.425 ], [ 140.682, 39.457 ], [ 140.724, 39.481 ], [ 140.714, 39.499 ], [ 140.741, 39.536 ], [ 140.73, 39.565 ], [ 140.798, 39.604 ], [ 140.822, 39.65 ], [ 140.823, 39.688 ], [ 140.775, 39.735 ], [ 140.848, 39.793 ], [ 140.787, 39.823 ], [ 140.782, 39.868 ], [ 140.826, 39.886 ], [ 140.853, 39.866 ], [ 140.879, 39.878 ], [ 140.845, 39.975 ], [ 140.844, 40.075 ], [ 140.881, 40.114 ], [ 140.867, 40.132 ], [ 140.884, 40.157 ], [ 140.86, 40.173 ], [ 140.905, 40.222 ], [ 140.941, 40.227 ], [ 140.945, 40.246 ], [ 141.016, 40.218 ], [ 141.104, 40.256 ], [ 141.1, 40.281 ], [ 141.218, 40.315 ], [ 141.316, 40.373 ], [ 141.351, 40.331 ], [ 141.442, 40.376 ], [ 141.539, 40.348 ], [ 141.586, 40.378 ], [ 141.587, 40.407 ], [ 141.683, 40.45 ], [ 141.825, 40.252 ], [ 141.835, 40.217 ], [ 141.807, 40.215 ], [ 141.813, 40.189 ], [ 141.794, 40.191 ], [ 141.877, 40.144 ], [ 141.829, 40.113 ], [ 141.833, 40.075 ], [ 141.956, 39.984 ], [ 141.961, 39.946 ], [ 141.943, 39.944 ], [ 141.94, 39.92 ], [ 141.977, 39.872 ], [ 141.984, 39.789 ], [ 142.004, 39.776 ], [ 141.989, 39.758 ], [ 142.004, 39.752 ], [ 141.972, 39.732 ], [ 141.988, 39.723 ], [ 141.967, 39.69 ], [ 141.986, 39.685 ], [ 141.97, 39.653 ], [ 141.983, 39.647 ], [ 141.964, 39.639 ], [ 141.971, 39.635 ], [ 141.977, 39.629 ], [ 141.966, 39.635 ], [ 141.948, 39.588 ], [ 142.024, 39.656 ], [ 142.027, 39.575 ], [ 142.057, 39.574 ], [ 142.072, 39.548 ], [ 142.058, 39.523 ], [ 142.045, 39.531 ], [ 142.033, 39.529 ], [ 142.011, 39.477 ], [ 141.954, 39.472 ], [ 141.98, 39.439 ], [ 142.051, 39.485 ], [ 142.062, 39.471 ], [ 142.038, 39.446 ], [ 142.045, 39.426 ], [ 141.984, 39.408 ], [ 141.982, 39.426 ], [ 141.974, 39.426 ], [ 141.938, 39.384 ], [ 141.967, 39.378 ], [ 141.957, 39.356 ], [ 141.916, 39.356 ], [ 141.897, 39.337 ], [ 141.915, 39.324 ], [ 141.997, 39.351 ], [ 141.97, 39.313 ], [ 141.891, 39.308 ], [ 141.93, 39.27 ], [ 141.889, 39.274 ], [ 141.903, 39.257 ], [ 141.89, 39.248 ], [ 141.922, 39.238 ], [ 141.938, 39.248 ], [ 141.969, 39.252 ], [ 141.971, 39.248 ], [ 141.944, 39.242 ], [ 141.955, 39.224 ], [ 141.948, 39.217 ], [ 141.867, 39.206 ], [ 141.866, 39.192 ], [ 141.922, 39.178 ], [ 141.836, 39.147 ], [ 141.921, 39.105 ], [ 141.881, 39.084 ], [ 141.812, 39.114 ], [ 141.822, 39.076 ], [ 141.876, 39.065 ], [ 141.814, 39.059 ], [ 141.847, 39.026 ], [ 141.797, 39.025 ], [ 141.794, 39.032 ], [ 141.798, 39.041 ], [ 141.796, 39.043 ], [ 141.759, 39.018 ], [ 141.733, 39.022 ], [ 141.739, 39.064 ], [ 141.722, 39.066 ], [ 141.71, 39.024 ], [ 141.744, 38.99 ], [ 141.711, 38.997 ], [ 141.718, 38.982 ], [ 141.697, 38.97 ], [ 141.728, 38.952 ], [ 141.704, 38.938 ], [ 141.668, 38.976 ], [ 141.683, 38.997 ], [ 141.67, 39.005 ], [ 141.628, 39.003 ], [ 141.629, 38.97 ], [ 141.567, 38.996 ], [ 141.492, 38.999 ], [ 141.492, 38.913 ], [ 141.451, 38.876 ], [ 141.466, 38.856 ], [ 141.45, 38.837 ], [ 141.459, 38.814 ], [ 141.429, 38.811 ], [ 141.438, 38.782 ], [ 141.41, 38.768 ], [ 141.415, 38.786 ], [ 141.394, 38.8 ], [ 141.309, 38.822 ], [ 141.305, 38.793 ], [ 141.272, 38.797 ], [ 141.233, 38.748 ], [ 141.181, 38.785 ], [ 141.146, 38.784 ], [ 141.142, 38.812 ], [ 141.105, 38.823 ], [ 141.147, 38.856 ], [ 141.14, 38.878 ], [ 140.985, 38.875 ], [ 140.958, 38.908 ], [ 140.824, 38.964 ], [ 140.774, 38.958 ], [ 140.764, 39.0 ], [ 140.81, 39.057 ], [ 140.802, 39.078 ] ], [ [ 142.001, 39.448 ], [ 142.001, 39.447 ], [ 142.001, 39.447 ], [ 142.002, 39.447 ], [ 142.001, 39.448 ] ] ] ] } },
{ "type": "Feature", "properties": { "name": "島根県" }, "geometry": { "type": "MultiPolygon", "coordinates": [ [ [ [ 131.794, 34.436 ], [ 131.697, 34.435 ], [ 131.699, 34.477 ], [ 131.668, 34.504 ], [ 131.728, 34.576 ], [ 131.718, 34.613 ], [ 131.695, 34.621 ], [ 131.7, 34.649 ], [ 131.684, 34.669 ], [ 131.691, 34.681 ], [ 131.747, 34.676 ], [ 131.849, 34.711 ], [ 131.875, 34.743 ], [ 131.865, 34.756 ], [ 131.946, 34.792 ], [ 131.955, 34.816 ], [ 132.008, 34.847 ], [ 132.008, 34.868 ], [ 132.057, 34.873 ], [ 132.063, 34.905 ], [ 132.112, 34.953 ], [ 132.235, 35.038 ], [ 132.31, 35.057 ], [ 132.332, 35.097 ], [ 132.345, 35.092 ], [ 132.337, 35.102 ], [ 132.389, 35.132 ], [ 132.381, 35.146 ], [ 132.418, 35.191 ], [ 132.629, 35.288 ], [ 132.675, 35.383 ], [ 132.67, 35.402 ], [ 132.623, 35.418 ], [ 132.629, 35.435 ], [ 132.753, 35.448 ], [ 132.727, 35.471 ], [ 132.865, 35.513 ], [ 132.971, 35.516 ], [ 132.968, 35.543 ], [ 133.028, 35.538 ], [ 133.029, 35.556 ], [ 133.06, 35.565 ], [ 133.048, 35.578 ], [ 133.098, 35.58 ], [ 133.09, 35.604 ], [ 133.14, 35.581 ], [ 133.142, 35.561 ], [ 133.192, 35.562 ], [ 133.192, 35.58 ], [ 133.212, 35.567 ], [ 133.217, 35.582 ], [ 133.326, 35.569 ], [ 133.198, 35.529 ], [ 133.222, 35.48 ], [ 133.309, 35.431 ], [ 133.325, 35.374 ], [ 133.295, 35.347 ], [ 133.311, 35.268 ], [ 133.153, 35.219 ], [ 133.195, 35.17 ], [ 133.148, 35.14 ], [ 133.141, 35.076 ], [ 133.096, 35.085 ], [ 133.033, 35.068 ], [ 132.991, 35.101 ], [ 132.95, 35.075 ], [ 132.873, 35.102 ], [ 132.828, 35.062 ], [ 132.837, 35.047 ], [ 132.745, 34.977 ], [ 132.75, 34.96 ], [ 132.685, 34.951 ], [ 132.634, 34.905 ], [ 132.701, 34.882 ], [ 132.699, 34.843 ], [ 132.615, 34.843 ], [ 132.538, 34.795 ], [ 132.454, 34.801 ], [ 132.437, 34.821 ], [ 132.397, 34.779 ], [ 132.374, 34.801 ], [ 132.318, 34.802 ], [ 132.298, 34.777 ], [ 132.242, 34.806 ], [ 132.222, 34.75 ], [ 132.131, 34.708 ], [ 132.162, 34.683 ], [ 132.116, 34.612 ], [ 132.126, 34.583 ], [ 132.084, 34.538 ], [ 132.051, 34.528 ], [ 132.036, 34.501 ], [ 132.069, 34.468 ], [ 132.025, 34.462 ], [ 131.998, 34.428 ], [ 132.013, 34.371 ], [ 131.961, 34.308 ], [ 131.919, 34.338 ], [ 131.881, 34.309 ], [ 131.82, 34.302 ], [ 131.783, 34.332 ], [ 131.763, 34.381 ], [ 131.794, 34.436 ] ] ], [ [ [ 133.006, 36.004 ], [ 133.0, 36.032 ], [ 133.073, 36.011 ], [ 133.056, 36.0 ], [ 133.042, 36.013 ], [ 133.006, 36.004 ] ] ], [ [ [ 133.083, 36.114 ], [ 133.091, 36.096 ], [ 133.094, 36.118 ], [ 133.113, 36.12 ], [ 133.136, 36.102 ], [ 133.119, 36.082 ], [ 133.135, 36.086 ], [ 133.153, 36.075 ], [ 133.097, 36.072 ], [ 133.104, 36.05 ], [ 133.069, 36.035 ], [ 133.07, 36.083 ], [ 133.064, 36.101 ], [ 133.083, 36.114 ] ] ], [ [ [ 133.015, 36.138 ], [ 133.093, 36.139 ], [ 133.041, 36.11 ], [ 133.057, 36.083 ], [ 133.046, 36.061 ], [ 133.008, 36.074 ], [ 133.013, 36.098 ], [ 133.006, 36.106 ], [ 132.979, 36.089 ], [ 132.998, 36.038 ], [ 132.946, 36.065 ], [ 132.952, 36.083 ], [ 132.982, 36.117 ], [ 133.007, 36.108 ], [ 133.015, 36.138 ] ] ], [ [ [ 133.182, 36.212 ], [ 133.179, 36.288 ], [ 133.204, 36.28 ], [ 133.216, 36.29 ], [ 133.191, 36.29 ], [ 133.232, 36.318 ], [ 133.225, 36.329 ], [ 133.263, 36.328 ], [ 133.283, 36.348 ], [ 133.386, 36.268 ], [ 133.37, 36.206 ], [ 133.339, 36.196 ], [ 133.345, 36.225 ], [ 133.336, 36.201 ], [ 133.316, 36.205 ], [ 133.306, 36.199 ], [ 133.336, 36.197 ], [ 133.341, 36.17 ], [ 133.288, 36.171 ], [ 133.28, 36.188 ], [ 133.278, 36.17 ], [ 133.249, 36.167 ], [ 133.23, 36.169 ], [ 133.245, 36.19 ], [ 133.182, 36.212 ] ] ] ] } },
{ "type": "Feature", "properties": { "name": "広島県" }, "geometry": { "type": "MultiPolygon", "coordinates": [ [ [ [ 132.455, 34.115 ], [ 132.505, 34.134 ], [ 132.495, 34.169 ], [ 132.527, 34.2 ], [ 132.559, 34.173 ], [ 132.521, 34.158 ], [ 132.558, 34.151 ], [ 132.539, 34.108 ], [ 132.576, 34.128 ], [ 132.593, 34.115 ], [ 132.57, 34.116 ], [ 132.551, 34.079 ], [ 132.533, 34.104 ], [ 132.462, 34.082 ], [ 132.448, 34.094 ], [ 132.455, 34.115 ] ] ], [ [ [ 132.384, 34.167 ], [ 132.402, 34.173 ], [ 132.417, 34.157 ], [ 132.397, 34.146 ], [ 132.384, 34.167 ] ] ], [ [ [ 132.792, 34.185 ], [ 132.795, 34.183 ], [ 132.792, 34.185 ], [ 132.792, 34.185 ], [ 132.797, 34.181 ], [ 132.801, 34.175 ], [ 132.782, 34.161 ], [ 132.771, 34.174 ], [ 132.787, 34.189 ], [ 132.792, 34.185 ], [ 132.792, 34.185 ] ] ], [ [ [ 132.764, 34.175 ], [ 132.742, 34.167 ], [ 132.686, 34.182 ], [ 132.686, 34.196 ], [ 132.758, 34.193 ], [ 132.764, 34.175 ] ] ], [ [ [ 132.646, 34.174 ], [ 132.656, 34.196 ], [ 132.677, 34.203 ], [ 132.676, 34.175 ], [ 132.646, 34.174 ] ] ], [ [ [ 132.372, 34.259 ], [ 132.42, 34.258 ], [ 132.474, 34.208 ], [ 132.471, 34.245 ], [ 132.433, 34.25 ], [ 132.446, 34.267 ], [ 132.434, 34.286 ], [ 132.48, 34.296 ], [ 132.499, 34.267 ], [ 132.471, 34.179 ], [ 132.49, 34.142 ], [ 132.429, 34.129 ], [ 132.446, 34.167 ], [ 132.454, 34.182 ], [ 132.436, 34.195 ], [ 132.429, 34.173 ], [ 132.372, 34.259 ] ] ], [ [ [ 132.274, 34.231 ], [ 132.267, 34.25 ], [ 132.332, 34.311 ], [ 132.349, 34.293 ], [ 132.303, 34.244 ], [ 132.274, 34.231 ] ] ], [ [ [ 132.481, 34.363 ], [ 132.476, 34.367 ], [ 132.444, 34.341 ], [ 132.399, 34.365 ], [ 132.338, 34.354 ], [ 132.359, 34.345 ], [ 132.327, 34.344 ], [ 132.279, 34.283 ], [ 132.231, 34.256 ], [ 132.221, 34.233 ], [ 132.246, 34.211 ], [ 132.195, 34.204 ], [ 132.205, 34.229 ], [ 132.144, 34.237 ], [ 132.127, 34.333 ], [ 132.07, 34.356 ], [ 132.081, 34.443 ], [ 132.06, 34.492 ], [ 132.036, 34.501 ], [ 132.126, 34.583 ], [ 132.116, 34.612 ], [ 132.162, 34.683 ], [ 132.131, 34.708 ], [ 132.222, 34.75 ], [ 132.243, 34.807 ], [ 132.298, 34.777 ], [ 132.318, 34.802 ], [ 132.374, 34.801 ], [ 132.397, 34.779 ], [ 132.437, 34.821 ], [ 132.454, 34.801 ], [ 132.538, 34.795 ], [ 132.615, 34.843 ], [ 132.699, 34.843 ], [ 132.701, 34.882 ], [ 132.634, 34.905 ], [ 132.685, 34.951 ], [ 132.75, 34.96 ], [ 132.745, 34.977 ], [ 132.837, 35.047 ], [ 132.828, 35.062 ], [ 132.873, 35.102 ], [ 132.95, 35.075 ], [ 132.991, 35.101 ], [ 133.034, 35.068 ], [ 133.096, 35.085 ], [ 133.142, 35.065 ], [ 133.251, 35.078 ], [ 133.322, 35.006 ], [ 133.297, 34.956 ], [ 133.309, 34.937 ], [ 133.297, 34.89 ], [ 133.378, 34.808 ], [ 133.358, 34.733 ], [ 133.403, 34.672 ], [ 133.384, 34.62 ], [ 133.454, 34.532 ], [ 133.445, 34.446 ], [ 133.409, 34.478 ], [ 133.408, 34.457 ], [ 133.441, 34.436 ], [ 133.431, 34.424 ], [ 133.405, 34.435 ], [ 133.386, 34.421 ], [ 133.382, 34.376 ], [ 133.347, 34.365 ], [ 133.34, 34.369 ], [ 133.302, 34.342 ], [ 133.291, 34.358 ], [ 133.315, 34.372 ], [ 133.337, 34.371 ], [ 133.281, 34.402 ], [ 133.244, 34.391 ], [ 133.273, 34.408 ], [ 133.257, 34.442 ], [ 133.234, 34.412 ], [ 133.219, 34.407 ], [ 133.222, 34.407 ], [ 133.231, 34.407 ], [ 133.235, 34.407 ], [ 133.237, 34.406 ], [ 133.238, 34.405 ], [ 133.212, 34.356 ], [ 133.175, 34.366 ], [ 133.172, 34.393 ], [ 133.187, 34.399 ], [ 133.128, 34.383 ], [ 133.085, 34.396 ], [ 133.097, 34.379 ], [ 133.078, 34.345 ], [ 132.917, 34.333 ], [ 132.847, 34.292 ], [ 132.834, 34.316 ], [ 132.797, 34.312 ], [ 132.789, 34.278 ], [ 132.754, 34.282 ], [ 132.753, 34.259 ], [ 132.773, 34.255 ], [ 132.761, 34.24 ], [ 132.701, 34.238 ], [ 132.684, 34.21 ], [ 132.66, 34.219 ], [ 132.641, 34.202 ], [ 132.596, 34.231 ], [ 132.59, 34.22 ], [ 132.596, 34.217 ], [ 132.594, 34.213 ], [ 132.592, 34.211 ], [ 132.538, 34.194 ], [ 132.532, 34.222 ], [ 132.559, 34.238 ], [ 132.531, 34.25 ], [ 132.491, 34.339 ], [ 132.522, 34.363 ], [ 132.483, 34.353 ], [ 132.481, 34.363 ] ] ], [ [ [ 132.868, 34.18 ], [ 132.82, 34.151 ], [ 132.8, 34.159 ], [ 132.807, 34.178 ], [ 132.849, 34.196 ], [ 132.868, 34.18 ] ] ], [ [ [ 132.901, 34.248 ], [ 132.927, 34.283 ], [ 132.942, 34.278 ], [ 132.913, 34.235 ], [ 132.921, 34.214 ], [ 132.875, 34.205 ], [ 132.838, 34.242 ], [ 132.884, 34.244 ], [ 132.887, 34.262 ], [ 132.901, 34.248 ] ] ], [ [ [ 133.147, 34.287 ], [ 133.083, 34.256 ], [ 133.067, 34.267 ], [ 133.084, 34.308 ], [ 133.141, 34.315 ], [ 133.147, 34.287 ] ] ], [ [ [ 133.155, 34.359 ], [ 133.197, 34.338 ], [ 133.211, 34.314 ], [ 133.197, 34.276 ], [ 133.134, 34.333 ], [ 133.138, 34.346 ], [ 133.147, 34.345 ], [ 133.147, 34.357 ], [ 133.155, 34.359 ] ] ], [ [ [ 133.077, 34.301 ], [ 133.062, 34.315 ], [ 133.077, 34.334 ], [ 133.087, 34.313 ], [ 133.077, 34.301 ] ] ], [ [ [ 133.1, 34.333 ], [ 133.104, 34.356 ], [ 133.117, 34.36 ], [ 133.122, 34.326 ], [ 133.1, 34.333 ] ] ] ] } },
{ "type": "Feature", "properties": { "name": "徳島県" }, "geometry": { "type": "Polygon", "coordinates": [ [ [ 134.149, 33.627 ], [ 134.184, 33.649 ], [ 134.175, 33.684 ], [ 134.058, 33.691 ], [ 134.068, 33.729 ], [ 134.033, 33.828 ], [ 133.96, 33.835 ], [ 133.947, 33.804 ], [ 133.913, 33.791 ], [ 133.838, 33.845 ], [ 133.748, 33.837 ], [ 133.666, 33.866 ], [ 133.661, 33.885 ], [ 133.691, 33.916 ], [ 133.676, 33.926 ], [ 133.693, 33.947 ], [ 133.679, 34.012 ], [ 133.721, 34.022 ], [ 133.778, 34.079 ], [ 133.818, 34.072 ], [ 133.823, 34.093 ], [ 133.859, 34.105 ], [ 133.939, 34.115 ], [ 133.946, 34.092 ], [ 133.994, 34.073 ], [ 134.051, 34.118 ], [ 134.122, 34.119 ], [ 134.146, 34.165 ], [ 134.174, 34.177 ], [ 134.266, 34.183 ], [ 134.298, 34.169 ], [ 134.356, 34.185 ], [ 134.415, 34.157 ], [ 134.44, 34.208 ], [ 134.572, 34.222 ], [ 134.568, 34.235 ], [ 134.572, 34.238 ], [ 134.588, 34.24 ], [ 134.589, 34.24 ], [ 134.589, 34.233 ], [ 134.604, 34.25 ], [ 134.619, 34.238 ], [ 134.591, 34.214 ], [ 134.588, 34.23 ], [ 134.585, 34.202 ], [ 134.615, 34.19 ], [ 134.588, 34.207 ], [ 134.622, 34.211 ], [ 134.625, 34.232 ], [ 134.644, 34.239 ], [ 134.624, 34.187 ], [ 134.642, 34.18 ], [ 134.603, 34.116 ], [ 134.588, 34.008 ], [ 134.615, 33.997 ], [ 134.605, 33.994 ], [ 134.608, 33.983 ], [ 134.639, 34.008 ], [ 134.712, 33.926 ], [ 134.675, 33.88 ], [ 134.653, 33.882 ], [ 134.629, 33.857 ], [ 134.647, 33.867 ], [ 134.643, 33.843 ], [ 134.72, 33.845 ], [ 134.696, 33.843 ], [ 134.679, 33.834 ], [ 134.68, 33.83 ], [ 134.75, 33.834 ], [ 134.641, 33.781 ], [ 134.62, 33.787 ], [ 134.602, 33.764 ], [ 134.582, 33.772 ], [ 134.567, 33.733 ], [ 134.544, 33.737 ], [ 134.517, 33.701 ], [ 134.396, 33.656 ], [ 134.362, 33.628 ], [ 134.39, 33.623 ], [ 134.364, 33.589 ], [ 134.332, 33.583 ], [ 134.354, 33.583 ], [ 134.364, 33.581 ], [ 134.364, 33.58 ], [ 134.311, 33.577 ], [ 134.314, 33.546 ], [ 134.196, 33.561 ], [ 134.187, 33.583 ], [ 134.149, 33.627 ] ] ] } },
{ "type": "Feature", "properties": { "name": "愛媛県" }, "geometry": { "type": "MultiPolygon", "coordinates": [ [ [ [ 132.47, 32.97 ], [ 132.492, 32.985 ], [ 132.505, 32.98 ], [ 132.495, 32.964 ], [ 132.553, 32.963 ], [ 132.511, 32.977 ], [ 132.482, 33.049 ], [ 132.45, 33.048 ], [ 132.455, 33.039 ], [ 132.452, 33.035 ], [ 132.41, 33.056 ], [ 132.412, 33.027 ], [ 132.379, 33.021 ], [ 132.403, 33.04 ], [ 132.404, 33.069 ], [ 132.484, 33.057 ], [ 132.479, 33.084 ], [ 132.472, 33.07 ], [ 132.462, 33.076 ], [ 132.481, 33.097 ], [ 132.447, 33.124 ], [ 132.471, 33.115 ], [ 132.503, 33.13 ], [ 132.443, 33.136 ], [ 132.425, 33.156 ], [ 132.464, 33.17 ], [ 132.448, 33.193 ], [ 132.421, 33.209 ], [ 132.4, 33.185 ], [ 132.39, 33.2 ], [ 132.42, 33.215 ], [ 132.459, 33.211 ], [ 132.458, 33.184 ], [ 132.483, 33.186 ], [ 132.487, 33.164 ], [ 132.493, 33.185 ], [ 132.501, 33.17 ], [ 132.515, 33.171 ], [ 132.509, 33.194 ], [ 132.494, 33.192 ], [ 132.488, 33.198 ], [ 132.489, 33.2 ], [ 132.544, 33.214 ], [ 132.54, 33.227 ], [ 132.553, 33.219 ], [ 132.558, 33.222 ], [ 132.52, 33.249 ], [ 132.54, 33.258 ], [ 132.542, 33.272 ], [ 132.509, 33.259 ], [ 132.483, 33.275 ], [ 132.484, 33.266 ], [ 132.474, 33.255 ], [ 132.468, 33.254 ], [ 132.482, 33.289 ], [ 132.525, 33.305 ], [ 132.523, 33.316 ], [ 132.431, 33.32 ], [ 132.421, 33.303 ], [ 132.37, 33.319 ], [ 132.42, 33.355 ], [ 132.406, 33.36 ], [ 132.419, 33.383 ], [ 132.384, 33.362 ], [ 132.379, 33.386 ], [ 132.397, 33.398 ], [ 132.379, 33.416 ], [ 132.416, 33.443 ], [ 132.395, 33.441 ], [ 132.393, 33.442 ], [ 132.391, 33.441 ], [ 132.389, 33.442 ], [ 132.385, 33.442 ], [ 132.382, 33.443 ], [ 132.421, 33.463 ], [ 132.392, 33.455 ], [ 132.39, 33.477 ], [ 132.373, 33.46 ], [ 132.351, 33.488 ], [ 132.317, 33.452 ], [ 132.3, 33.475 ], [ 132.281, 33.447 ], [ 132.182, 33.412 ], [ 132.153, 33.373 ], [ 132.104, 33.362 ], [ 132.121, 33.388 ], [ 132.095, 33.388 ], [ 132.04, 33.352 ], [ 132.025, 33.344 ], [ 132.015, 33.342 ], [ 132.013, 33.344 ], [ 132.12, 33.42 ], [ 132.128, 33.416 ], [ 132.128, 33.406 ], [ 132.135, 33.403 ], [ 132.139, 33.421 ], [ 132.166, 33.411 ], [ 132.157, 33.44 ], [ 132.174, 33.426 ], [ 132.173, 33.446 ], [ 132.225, 33.445 ], [ 132.242, 33.466 ], [ 132.261, 33.45 ], [ 132.259, 33.474 ], [ 132.422, 33.548 ], [ 132.48, 33.619 ], [ 132.586, 33.653 ], [ 132.653, 33.697 ], [ 132.699, 33.757 ], [ 132.687, 33.834 ], [ 132.719, 33.865 ], [ 132.7, 33.887 ], [ 132.71, 33.907 ], [ 132.755, 33.911 ], [ 132.766, 33.999 ], [ 132.865, 34.059 ], [ 132.922, 34.066 ], [ 132.927, 34.11 ], [ 132.891, 34.118 ], [ 132.924, 34.116 ], [ 132.942, 34.143 ], [ 133.033, 34.057 ], [ 133.063, 33.975 ], [ 133.094, 33.94 ], [ 133.119, 33.941 ], [ 133.112, 33.931 ], [ 133.119, 33.924 ], [ 133.126, 33.942 ], [ 133.133, 33.927 ], [ 133.168, 33.941 ], [ 133.171, 33.928 ], [ 133.186, 33.949 ], [ 133.196, 33.946 ], [ 133.198, 33.936 ], [ 133.202, 33.936 ], [ 133.254, 33.956 ], [ 133.256, 33.981 ], [ 133.262, 33.981 ], [ 133.259, 33.977 ], [ 133.261, 33.963 ], [ 133.264, 33.961 ], [ 133.279, 33.989 ], [ 133.321, 33.994 ], [ 133.336, 33.98 ], [ 133.336, 33.992 ], [ 133.358, 33.979 ], [ 133.411, 33.991 ], [ 133.512, 33.97 ], [ 133.598, 34.044 ], [ 133.678, 34.018 ], [ 133.693, 33.947 ], [ 133.676, 33.926 ], [ 133.691, 33.916 ], [ 133.661, 33.882 ], [ 133.583, 33.868 ], [ 133.55, 33.882 ], [ 133.499, 33.829 ], [ 133.415, 33.84 ], [ 133.326, 33.815 ], [ 133.282, 33.832 ], [ 133.237, 33.783 ], [ 133.193, 33.794 ], [ 133.117, 33.66 ], [ 133.075, 33.651 ], [ 133.08, 33.609 ], [ 133.047, 33.576 ], [ 133.064, 33.543 ], [ 133.015, 33.481 ], [ 132.809, 33.465 ], [ 132.835, 33.401 ], [ 132.854, 33.398 ], [ 132.86, 33.369 ], [ 132.904, 33.331 ], [ 132.896, 33.312 ], [ 132.793, 33.275 ], [ 132.772, 33.241 ], [ 132.776, 33.206 ], [ 132.741, 33.201 ], [ 132.696, 33.138 ], [ 132.636, 33.186 ], [ 132.619, 33.181 ], [ 132.629, 33.134 ], [ 132.669, 33.092 ], [ 132.658, 33.057 ], [ 132.678, 33.037 ], [ 132.684, 32.947 ], [ 132.599, 32.913 ], [ 132.586, 32.938 ], [ 132.601, 32.943 ], [ 132.602, 32.948 ], [ 132.548, 32.945 ], [ 132.567, 32.929 ], [ 132.513, 32.95 ], [ 132.527, 32.933 ], [ 132.497, 32.919 ], [ 132.527, 32.921 ], [ 132.516, 32.903 ], [ 132.491, 32.898 ], [ 132.475, 32.917 ], [ 132.46, 32.938 ], [ 132.5, 32.949 ], [ 132.47, 32.97 ] ] ], [ [ [ 132.69, 33.876 ], [ 132.668, 33.87 ], [ 132.668, 33.898 ], [ 132.653, 33.9 ], [ 132.68, 33.917 ], [ 132.703, 33.926 ], [ 132.672, 33.896 ], [ 132.69, 33.876 ] ] ], [ [ [ 132.541, 33.961 ], [ 132.538, 33.964 ], [ 132.535, 33.989 ], [ 132.567, 33.995 ], [ 132.541, 33.961 ] ] ], [ [ [ 132.63, 33.975 ], [ 132.642, 33.957 ], [ 132.599, 33.943 ], [ 132.578, 33.969 ], [ 132.625, 33.995 ], [ 132.644, 34.018 ], [ 132.653, 34.014 ], [ 132.63, 33.975 ] ] ], [ [ [ 133.069, 34.192 ], [ 133.083, 34.169 ], [ 133.083, 34.172 ], [ 133.114, 34.179 ], [ 133.035, 34.108 ], [ 133.015, 34.109 ], [ 133.036, 34.167 ], [ 133.021, 34.179 ], [ 133.037, 34.195 ], [ 133.069, 34.192 ] ] ], [ [ [ 133.057, 34.22 ], [ 132.948, 34.193 ], [ 132.943, 34.209 ], [ 132.989, 34.223 ], [ 132.994, 34.25 ], [ 132.964, 34.264 ], [ 132.985, 34.27 ], [ 132.984, 34.291 ], [ 133.027, 34.296 ], [ 133.057, 34.258 ], [ 133.058, 34.223 ], [ 133.064, 34.235 ], [ 133.108, 34.242 ], [ 133.107, 34.221 ], [ 133.141, 34.221 ], [ 133.125, 34.208 ], [ 133.11, 34.191 ], [ 133.054, 34.212 ], [ 133.057, 34.22 ] ] ], [ [ [ 133.152, 34.281 ], [ 133.166, 34.256 ], [ 133.134, 34.241 ], [ 133.132, 34.243 ], [ 133.13, 34.257 ], [ 133.132, 34.265 ], [ 133.152, 34.281 ] ] ], [ [ [ 133.209, 34.258 ], [ 133.219, 34.249 ], [ 133.201, 34.25 ], [ 133.199, 34.269 ], [ 133.23, 34.292 ], [ 133.237, 34.277 ], [ 133.209, 34.258 ] ] ] ] } },
{ "type": "Feature", "properties": { "name": "愛知県" }, "geometry": { "type": "MultiPolygon", "coordinates": [ [ [ [ 136.822, 34.864 ], [ 136.814, 34.84 ], [ 136.807, 34.84 ], [ 136.8, 34.871 ], [ 136.822, 34.864 ] ] ], [ [ [ 137.119, 34.634 ], [ 137.141, 34.646 ], [ 137.137, 34.65 ], [ 137.13, 34.652 ], [ 137.129, 34.653 ], [ 137.128, 34.653 ], [ 137.128, 34.653 ], [ 137.128, 34.654 ], [ 137.127, 34.655 ], [ 137.225, 34.676 ], [ 137.245, 34.709 ], [ 137.261, 34.696 ], [ 137.258, 34.716 ], [ 137.285, 34.731 ], [ 137.301, 34.728 ], [ 137.287, 34.68 ], [ 137.323, 34.694 ], [ 137.308, 34.725 ], [ 137.352, 34.727 ], [ 137.32, 34.733 ], [ 137.331, 34.781 ], [ 137.309, 34.779 ], [ 137.317, 34.798 ], [ 137.307, 34.808 ], [ 137.289, 34.813 ], [ 137.273, 34.802 ], [ 137.216, 34.823 ], [ 137.216, 34.822 ], [ 137.223, 34.817 ], [ 137.223, 34.817 ], [ 137.223, 34.816 ], [ 137.224, 34.816 ], [ 137.193, 34.809 ], [ 137.19, 34.776 ], [ 137.175, 34.765 ], [ 137.168, 34.788 ], [ 137.107, 34.791 ], [ 137.088, 34.775 ], [ 137.03, 34.775 ], [ 137.002, 34.813 ], [ 136.957, 34.833 ], [ 136.984, 34.893 ], [ 136.977, 34.898 ], [ 136.986, 34.952 ], [ 136.981, 34.957 ], [ 136.964, 34.877 ], [ 136.928, 34.865 ], [ 136.935, 34.83 ], [ 136.922, 34.828 ], [ 136.938, 34.821 ], [ 136.915, 34.773 ], [ 136.966, 34.733 ], [ 136.962, 34.72 ], [ 136.973, 34.717 ], [ 136.968, 34.71 ], [ 136.97, 34.711 ], [ 136.973, 34.705 ], [ 136.976, 34.706 ], [ 136.977, 34.704 ], [ 136.978, 34.702 ], [ 136.93, 34.703 ], [ 136.858, 34.738 ], [ 136.858, 34.744 ], [ 136.85, 34.749 ], [ 136.84, 34.764 ], [ 136.84, 34.766 ], [ 136.867, 34.839 ], [ 136.821, 34.886 ], [ 136.82, 34.966 ], [ 136.839, 34.98 ], [ 136.825, 34.994 ], [ 136.87, 35.008 ], [ 136.852, 35.016 ], [ 136.889, 35.042 ], [ 136.897, 35.085 ], [ 136.869, 35.088 ], [ 136.855, 35.057 ], [ 136.847, 35.083 ], [ 136.841, 35.066 ], [ 136.827, 35.083 ], [ 136.83, 35.05 ], [ 136.827, 35.049 ], [ 136.831, 35.049 ], [ 136.839, 35.03 ], [ 136.811, 35.03 ], [ 136.81, 35.044 ], [ 136.781, 35.034 ], [ 136.797, 35.012 ], [ 136.77, 35.023 ], [ 136.75, 35.08 ], [ 136.671, 35.141 ], [ 136.678, 35.243 ], [ 136.768, 35.367 ], [ 136.834, 35.356 ], [ 136.924, 35.38 ], [ 136.991, 35.425 ], [ 136.978, 35.403 ], [ 137.047, 35.366 ], [ 137.047, 35.337 ], [ 137.068, 35.336 ], [ 137.081, 35.292 ], [ 137.165, 35.283 ], [ 137.187, 35.253 ], [ 137.308, 35.291 ], [ 137.43, 35.223 ], [ 137.519, 35.283 ], [ 137.566, 35.29 ], [ 137.546, 35.252 ], [ 137.579, 35.198 ], [ 137.645, 35.209 ], [ 137.682, 35.235 ], [ 137.76, 35.222 ], [ 137.774, 35.203 ], [ 137.823, 35.216 ], [ 137.838, 35.212 ], [ 137.803, 35.184 ], [ 137.829, 35.152 ], [ 137.793, 35.135 ], [ 137.801, 35.106 ], [ 137.717, 35.035 ], [ 137.707, 34.972 ], [ 137.658, 34.943 ], [ 137.641, 34.893 ], [ 137.587, 34.85 ], [ 137.503, 34.833 ], [ 137.487, 34.812 ], [ 137.485, 34.674 ], [ 137.143, 34.59 ], [ 137.018, 34.583 ], [ 137.07, 34.662 ], [ 137.119, 34.634 ] ] ] ] } },
{ "type": "Feature", "properties": { "name": "新潟県" }, "geometry": { "type": "MultiPolygon", "coordinates": [ [ [ [ 138.727, 36.764 ], [ 138.696, 36.739 ], [ 138.669, 36.779 ], [ 138.696, 36.808 ], [ 138.68, 36.821 ], [ 138.693, 36.855 ], [ 138.589, 36.914 ], [ 138.587, 36.988 ], [ 138.566, 37.021 ], [ 138.525, 37.03 ], [ 138.395, 36.997 ], [ 138.343, 36.921 ], [ 138.296, 36.911 ], [ 138.288, 36.846 ], [ 138.255, 36.87 ], [ 138.214, 36.871 ], [ 138.169, 36.845 ], [ 138.112, 36.849 ], [ 138.054, 36.8 ], [ 138.003, 36.826 ], [ 138.032, 36.881 ], [ 138.014, 36.904 ], [ 137.868, 36.916 ], [ 137.876, 36.866 ], [ 137.82, 36.798 ], [ 137.762, 36.766 ], [ 137.73, 36.826 ], [ 137.711, 36.944 ], [ 137.667, 36.95 ], [ 137.635, 36.98 ], [ 137.912, 37.061 ], [ 138.048, 37.127 ], [ 138.096, 37.173 ], [ 138.152, 37.161 ], [ 138.231, 37.174 ], [ 138.247, 37.184 ], [ 138.246, 37.185 ], [ 138.246, 37.186 ], [ 138.253, 37.205 ], [ 138.257, 37.209 ], [ 138.246, 37.186 ], [ 138.249, 37.183 ], [ 138.276, 37.198 ], [ 138.272, 37.215 ], [ 138.289, 37.206 ], [ 138.436, 37.325 ], [ 138.543, 37.383 ], [ 138.531, 37.365 ], [ 138.544, 37.368 ], [ 138.617, 37.484 ], [ 138.748, 37.606 ], [ 138.831, 37.811 ], [ 139.069, 37.959 ], [ 139.068, 37.944 ], [ 139.2, 37.982 ], [ 139.231, 38.02 ], [ 139.215, 37.994 ], [ 139.219, 37.969 ], [ 139.243, 37.971 ], [ 139.226, 37.992 ], [ 139.236, 38.013 ], [ 139.277, 38.023 ], [ 139.368, 38.1 ], [ 139.431, 38.184 ], [ 139.45, 38.236 ], [ 139.456, 38.394 ], [ 139.548, 38.553 ], [ 139.6, 38.522 ], [ 139.722, 38.496 ], [ 139.706, 38.391 ], [ 139.726, 38.392 ], [ 139.75, 38.359 ], [ 139.849, 38.343 ], [ 139.9, 38.276 ], [ 139.86, 38.231 ], [ 139.786, 38.192 ], [ 139.713, 38.207 ], [ 139.682, 38.172 ], [ 139.694, 38.116 ], [ 139.671, 38.077 ], [ 139.692, 38.075 ], [ 139.693, 38.057 ], [ 139.655, 38.035 ], [ 139.625, 37.918 ], [ 139.657, 37.863 ], [ 139.715, 37.853 ], [ 139.742, 37.818 ], [ 139.658, 37.755 ], [ 139.624, 37.71 ], [ 139.627, 37.688 ], [ 139.549, 37.649 ], [ 139.585, 37.513 ], [ 139.429, 37.515 ], [ 139.398, 37.46 ], [ 139.363, 37.47 ], [ 139.215, 37.442 ], [ 139.197, 37.411 ], [ 139.232, 37.388 ], [ 139.234, 37.344 ], [ 139.212, 37.286 ], [ 139.165, 37.237 ], [ 139.197, 37.194 ], [ 139.221, 37.209 ], [ 139.254, 37.165 ], [ 139.235, 37.112 ], [ 139.26, 37.048 ], [ 139.242, 36.942 ], [ 139.229, 36.961 ], [ 139.183, 36.962 ], [ 139.171, 37.002 ], [ 139.097, 37.059 ], [ 139.091, 37.02 ], [ 139.047, 36.987 ], [ 138.967, 36.979 ], [ 138.98, 36.892 ], [ 138.923, 36.884 ], [ 138.93, 36.833 ], [ 138.822, 36.818 ], [ 138.821, 36.764 ], [ 138.761, 36.749 ], [ 138.727, 36.764 ] ] ], [ [ [ 138.29, 37.885 ], [ 138.285, 37.919 ], [ 138.344, 37.965 ], [ 138.298, 38.007 ], [ 138.274, 38.002 ], [ 138.255, 37.965 ], [ 138.227, 37.98 ], [ 138.242, 38.087 ], [ 138.324, 38.199 ], [ 138.437, 38.262 ], [ 138.458, 38.322 ], [ 138.515, 38.332 ], [ 138.492, 38.204 ], [ 138.434, 38.094 ], [ 138.48, 38.062 ], [ 138.573, 38.079 ], [ 138.5, 37.92 ], [ 138.344, 37.825 ], [ 138.244, 37.802 ], [ 138.208, 37.816 ], [ 138.213, 37.833 ], [ 138.269, 37.848 ], [ 138.29, 37.885 ] ] ], [ [ [ 139.248, 38.453 ], [ 139.215, 38.437 ], [ 139.25, 38.484 ], [ 139.264, 38.489 ], [ 139.248, 38.453 ] ] ] ] } },
{ "type": "Feature", "properties": { "name": "東京都" }, "geometry": { "type": "MultiPolygon", "coordinates": [ [ [ [ 139.758, 32.447 ], [ 139.754, 32.466 ], [ 139.759, 32.474 ], [ 139.781, 32.452 ], [ 139.758, 32.447 ] ] ], [ [ [ 139.847, 33.117 ], [ 139.859, 33.084 ], [ 139.832, 33.045 ], [ 139.78, 33.083 ], [ 139.744, 33.121 ], [ 139.746, 33.156 ], [ 139.772, 33.159 ], [ 139.847, 33.117 ] ] ], [ [ [ 139.625, 33.884 ], [ 139.62, 33.852 ], [ 139.578, 33.863 ], [ 139.587, 33.898 ], [ 139.625, 33.884 ] ] ], [ [ [ 139.563, 34.069 ], [ 139.5, 34.047 ], [ 139.473, 34.077 ], [ 139.493, 34.12 ], [ 139.559, 34.112 ], [ 139.563, 34.069 ] ] ], [ [ [ 139.175, 34.204 ], [ 139.125, 34.19 ], [ 139.12, 34.194 ], [ 139.138, 34.242 ], [ 139.168, 34.234 ], [ 139.175, 34.204 ] ] ], [ [ [ 139.264, 34.333 ], [ 139.24, 34.371 ], [ 139.282, 34.431 ], [ 139.291, 34.408 ], [ 139.264, 34.333 ] ] ], [ [ [ 139.449, 34.74 ], [ 139.439, 34.679 ], [ 139.375, 34.698 ], [ 139.352, 34.719 ], [ 139.36, 34.799 ], [ 139.423, 34.781 ], [ 139.449, 34.74 ] ] ], [ [ [ 139.752, 35.583 ], [ 139.758, 35.618 ], [ 139.769, 35.584 ], [ 139.787, 35.58 ], [ 139.752, 35.583 ] ] ], [ [ [ 139.488, 35.528 ], [ 139.485, 35.504 ], [ 139.468, 35.502 ], [ 139.4, 35.584 ], [ 139.285, 35.613 ], [ 139.252, 35.602 ], [ 139.211, 35.649 ], [ 139.179, 35.646 ], [ 139.162, 35.668 ], [ 139.039, 35.711 ], [ 138.984, 35.768 ], [ 138.945, 35.868 ], [ 139.018, 35.898 ], [ 139.192, 35.84 ], [ 139.28, 35.841 ], [ 139.392, 35.763 ], [ 139.497, 35.779 ], [ 139.542, 35.807 ], [ 139.543, 35.78 ], [ 139.516, 35.766 ], [ 139.548, 35.774 ], [ 139.547, 35.753 ], [ 139.589, 35.779 ], [ 139.623, 35.767 ], [ 139.653, 35.8 ], [ 139.738, 35.78 ], [ 139.768, 35.818 ], [ 139.894, 35.782 ], [ 139.879, 35.768 ], [ 139.919, 35.698 ], [ 139.886, 35.679 ], [ 139.883, 35.645 ], [ 139.821, 35.63 ], [ 139.834, 35.644 ], [ 139.807, 35.645 ], [ 139.799, 35.622 ], [ 139.779, 35.637 ], [ 139.798, 35.648 ], [ 139.776, 35.642 ], [ 139.792, 35.655 ], [ 139.767, 35.658 ], [ 139.753, 35.634 ], [ 139.75, 35.567 ], [ 139.785, 35.571 ], [ 139.809, 35.538 ], [ 139.702, 35.537 ], [ 139.664, 35.59 ], [ 139.526, 35.643 ], [ 139.5, 35.605 ], [ 139.463, 35.625 ], [ 139.449, 35.612 ], [ 139.494, 35.589 ], [ 139.502, 35.571 ], [ 139.489, 35.562 ], [ 139.486, 35.585 ], [ 139.47, 35.57 ], [ 139.488, 35.528 ] ], [ [ 139.381, 35.591 ], [ 139.381, 35.591 ], [ 139.381, 35.59 ], [ 139.381, 35.591 ] ] ], [ [ [ 141.285, 24.75 ], [ 141.288, 24.792 ], [ 141.337, 24.809 ], [ 141.346, 24.773 ], [ 141.285, 24.75 ] ] ], [ [ [ 141.275, 25.422 ], [ 141.274, 25.441 ], [ 141.288, 25.447 ], [ 141.293, 25.426 ], [ 141.275, 25.422 ] ] ], [ [ [ 142.169, 26.69 ], [ 142.164, 26.66 ], [ 142.189, 26.659 ], [ 142.171, 26.643 ], [ 142.181, 26.628 ], [ 142.178, 26.608 ], [ 142.149, 26.667 ], [ 142.123, 26.714 ], [ 142.165, 26.703 ], [ 142.147, 26.685 ], [ 142.169, 26.69 ] ] ], [ [ [ 142.186, 27.04 ], [ 142.182, 27.074 ], [ 142.208, 27.083 ], [ 142.183, 27.103 ], [ 142.219, 27.101 ], [ 142.229, 27.036 ], [ 142.186, 27.04 ] ] ], [ [ [ 142.236, 27.11 ], [ 142.19, 27.121 ], [ 142.187, 27.122 ], [ 142.187, 27.13 ], [ 142.192, 27.144 ], [ 142.236, 27.11 ] ] ], [ [ [ 142.188, 27.144 ], [ 142.184, 27.167 ], [ 142.184, 27.187 ], [ 142.189, 27.19 ], [ 142.202, 27.169 ], [ 142.188, 27.144 ] ] ], [ [ [ 140.299, 30.495 ], [ 140.314, 30.487 ], [ 140.309, 30.475 ], [ 140.29, 30.48 ], [ 140.299, 30.495 ] ] ], [ [ [ 139.793, 35.593 ], [ 139.82, 35.607 ], [ 139.832, 35.589 ], [ 139.806, 35.585 ], [ 139.793, 35.593 ] ] ] ] } },
{ "type": "Feature", "properties": { "name": "栃木県" }, "geometry": { "type": "Polygon", "coordinates": [ [ [ 139.631, 36.255 ], [ 139.643, 36.267 ], [ 139.562, 36.267 ], [ 139.526, 36.285 ], [ 139.464, 36.272 ], [ 139.417, 36.313 ], [ 139.423, 36.332 ], [ 139.366, 36.371 ], [ 139.408, 36.458 ], [ 139.436, 36.466 ], [ 139.418, 36.495 ], [ 139.439, 36.551 ], [ 139.484, 36.582 ], [ 139.465, 36.607 ], [ 139.398, 36.602 ], [ 139.33, 36.628 ], [ 139.337, 36.692 ], [ 139.372, 36.746 ], [ 139.353, 36.774 ], [ 139.407, 36.827 ], [ 139.349, 36.853 ], [ 139.356, 36.878 ], [ 139.404, 36.924 ], [ 139.43, 36.926 ], [ 139.461, 36.971 ], [ 139.535, 36.981 ], [ 139.775, 37.092 ], [ 139.822, 37.085 ], [ 139.815, 37.117 ], [ 139.866, 37.147 ], [ 139.954, 37.155 ], [ 140.137, 37.106 ], [ 140.193, 37.065 ], [ 140.203, 37.024 ], [ 140.25, 37.025 ], [ 140.241, 36.946 ], [ 140.264, 36.933 ], [ 140.249, 36.909 ], [ 140.267, 36.818 ], [ 140.255, 36.76 ], [ 140.292, 36.713 ], [ 140.22, 36.687 ], [ 140.26, 36.517 ], [ 140.229, 36.502 ], [ 140.203, 36.421 ], [ 140.181, 36.397 ], [ 140.132, 36.415 ], [ 140.111, 36.398 ], [ 140.066, 36.404 ], [ 140.048, 36.376 ], [ 139.973, 36.378 ], [ 139.965, 36.351 ], [ 139.914, 36.337 ], [ 139.911, 36.301 ], [ 139.881, 36.323 ], [ 139.849, 36.311 ], [ 139.822, 36.24 ], [ 139.727, 36.202 ], [ 139.664, 36.207 ], [ 139.663, 36.231 ], [ 139.631, 36.255 ] ] ] } },
{ "type": "Feature", "properties": { "name": "沖縄県" }, "geometry": { "type": "MultiPolygon", "coordinates": [ [ [ [ 123.758, 24.049 ], [ 123.754, 24.062 ], [ 123.766, 24.069 ], [ 123.811, 24.062 ], [ 123.758, 24.049 ] ] ], [ [ [ 123.993, 24.25 ], [ 124.026, 24.25 ], [ 124.027, 24.231 ], [ 124.0, 24.227 ], [ 123.993, 24.25 ] ] ], [ [ [ 124.102, 24.321 ], [ 124.08, 24.313 ], [ 124.081, 24.336 ], [ 124.097, 24.333 ], [ 124.102, 24.321 ] ] ], [ [ [ 123.962, 24.333 ], [ 123.975, 24.355 ], [ 124.004, 24.328 ], [ 123.992, 24.324 ], [ 123.962, 24.333 ] ] ], [ [ [ 123.687, 24.311 ], [ 123.686, 24.333 ], [ 123.71, 24.315 ], [ 123.701, 24.34 ], [ 123.704, 24.35 ], [ 123.752, 24.313 ], [ 123.742, 24.39 ], [ 123.773, 24.418 ], [ 123.77, 24.437 ], [ 123.816, 24.39 ], [ 123.833, 24.408 ], [ 123.873, 24.404 ], [ 123.94, 24.365 ], [ 123.928, 24.316 ], [ 123.912, 24.325 ], [ 123.904, 24.275 ], [ 123.881, 24.28 ], [ 123.881, 24.256 ], [ 123.75, 24.283 ], [ 123.724, 24.3 ], [ 123.718, 24.278 ], [ 123.68, 24.283 ], [ 123.662, 24.309 ], [ 123.687, 24.311 ] ] ], [ [ [ 123.0, 24.441 ], [ 122.967, 24.438 ], [ 122.934, 24.45 ], [ 122.963, 24.473 ], [ 123.044, 24.463 ], [ 123.0, 24.441 ] ] ], [ [ [ 124.084, 24.416 ], [ 124.077, 24.453 ], [ 124.12, 24.447 ], [ 124.126, 24.47 ], [ 124.113, 24.477 ], [ 124.118, 24.483 ], [ 124.143, 24.467 ], [ 124.14, 24.442 ], [ 124.223, 24.455 ], [ 124.229, 24.499 ], [ 124.257, 24.52 ], [ 124.275, 24.505 ], [ 124.279, 24.507 ], [ 124.296, 24.542 ], [ 124.283, 24.561 ], [ 124.312, 24.611 ], [ 124.34, 24.606 ], [ 124.307, 24.527 ], [ 124.252, 24.467 ], [ 124.249, 24.358 ], [ 124.164, 24.333 ], [ 124.111, 24.365 ], [ 124.143, 24.414 ], [ 124.119, 24.435 ], [ 124.084, 24.416 ] ] ], [ [ [ 124.71, 24.679 ], [ 124.725, 24.644 ], [ 124.677, 24.642 ], [ 124.674, 24.667 ], [ 124.71, 24.679 ] ] ], [ [ [ 125.279, 24.809 ], [ 125.278, 24.838 ], [ 125.297, 24.836 ], [ 125.255, 24.91 ], [ 125.268, 24.914 ], [ 125.336, 24.798 ], [ 125.433, 24.761 ], [ 125.469, 24.719 ], [ 125.37, 24.729 ], [ 125.309, 24.712 ], [ 125.256, 24.75 ], [ 125.262, 24.769 ], [ 125.266, 24.751 ], [ 125.285, 24.753 ], [ 125.256, 24.795 ], [ 125.279, 24.809 ] ] ], [ [ [ 125.14, 24.842 ], [ 125.155, 24.833 ], [ 125.177, 24.811 ], [ 125.17, 24.804 ], [ 125.138, 24.816 ], [ 125.14, 24.842 ] ] ], [ [ [ 125.222, 24.814 ], [ 125.206, 24.799 ], [ 125.158, 24.833 ], [ 125.158, 24.861 ], [ 125.179, 24.862 ], [ 125.209, 24.847 ], [ 125.215, 24.841 ], [ 125.222, 24.814 ] ] ], [ [ [ 126.805, 26.325 ], [ 126.812, 26.291 ], [ 126.763, 26.333 ], [ 126.714, 26.349 ], [ 126.711, 26.37 ], [ 126.778, 26.391 ], [ 126.826, 26.352 ], [ 126.805, 26.325 ] ] ], [ [ [ 131.225, 25.815 ], [ 131.218, 25.833 ], [ 131.226, 25.87 ], [ 131.273, 25.855 ], [ 131.256, 25.817 ], [ 131.225, 25.815 ] ] ], [ [ [ 131.286, 25.961 ], [ 131.332, 25.952 ], [ 131.319, 25.929 ], [ 131.29, 25.939 ], [ 131.286, 25.961 ] ] ], [ [ [ 127.348, 26.167 ], [ 127.339, 26.183 ], [ 127.357, 26.226 ], [ 127.373, 26.19 ], [ 127.348, 26.146 ], [ 127.348, 26.167 ] ] ], [ [ [ 127.31, 26.25 ], [ 127.333, 26.229 ], [ 127.282, 26.229 ], [ 127.307, 26.24 ], [ 127.31, 26.25 ] ] ], [ [ [ 127.943, 26.364 ], [ 127.969, 26.362 ], [ 127.96, 26.336 ], [ 127.942, 26.337 ], [ 127.943, 26.364 ] ] ], [ [ [ 127.973, 26.376 ], [ 127.988, 26.385 ], [ 127.996, 26.362 ], [ 127.97, 26.356 ], [ 127.973, 26.376 ] ] ], [ [ [ 127.654, 26.126 ], [ 127.651, 26.127 ], [ 127.648, 26.145 ], [ 127.669, 26.152 ], [ 127.647, 26.153 ], [ 127.656, 26.174 ], [ 127.64, 26.175 ], [ 127.641, 26.202 ], [ 127.632, 26.176 ], [ 127.63, 26.206 ], [ 127.673, 26.206 ], [ 127.66, 26.218 ], [ 127.684, 26.226 ], [ 127.669, 26.251 ], [ 127.685, 26.242 ], [ 127.673, 26.255 ], [ 127.741, 26.281 ], [ 127.76, 26.309 ], [ 127.711, 26.44 ], [ 127.737, 26.422 ], [ 127.771, 26.446 ], [ 127.796, 26.436 ], [ 127.846, 26.481 ], [ 127.844, 26.504 ], [ 127.917, 26.516 ], [ 127.933, 26.544 ], [ 127.964, 26.542 ], [ 127.984, 26.576 ], [ 127.927, 26.609 ], [ 127.895, 26.607 ], [ 127.877, 26.641 ], [ 127.895, 26.66 ], [ 127.874, 26.685 ], [ 127.88, 26.71 ], [ 127.953, 26.708 ], [ 128.001, 26.692 ], [ 127.983, 26.649 ], [ 128.008, 26.63 ], [ 128.052, 26.635 ], [ 128.125, 26.662 ], [ 128.099, 26.681 ], [ 128.159, 26.722 ], [ 128.153, 26.746 ], [ 128.184, 26.75 ], [ 128.232, 26.798 ], [ 128.25, 26.871 ], [ 128.306, 26.845 ], [ 128.327, 26.75 ], [ 128.238, 26.632 ], [ 128.148, 26.629 ], [ 128.152, 26.598 ], [ 128.124, 26.602 ], [ 128.151, 26.568 ], [ 128.095, 26.534 ], [ 128.042, 26.559 ], [ 128.053, 26.52 ], [ 127.996, 26.509 ], [ 128.001, 26.483 ], [ 127.951, 26.473 ], [ 127.949, 26.438 ], [ 127.87, 26.458 ], [ 127.831, 26.432 ], [ 127.88, 26.378 ], [ 127.876, 26.355 ], [ 127.915, 26.332 ], [ 127.922, 26.296 ], [ 127.865, 26.344 ], [ 127.839, 26.332 ], [ 127.848, 26.315 ], [ 127.829, 26.311 ], [ 127.831, 26.31 ], [ 127.833, 26.305 ], [ 127.842, 26.308 ], [ 127.844, 26.304 ], [ 127.847, 26.304 ], [ 127.847, 26.302 ], [ 127.849, 26.303 ], [ 127.849, 26.302 ], [ 127.816, 26.305 ], [ 127.816, 26.277 ], [ 127.761, 26.202 ], [ 127.787, 26.171 ], [ 127.821, 26.192 ], [ 127.831, 26.166 ], [ 127.725, 26.09 ], [ 127.657, 26.083 ], [ 127.669, 26.133 ], [ 127.653, 26.135 ], [ 127.658, 26.128 ], [ 127.654, 26.126 ] ] ], [ [ [ 127.231, 26.602 ], [ 127.248, 26.587 ], [ 127.241, 26.576 ], [ 127.21, 26.583 ], [ 127.231, 26.602 ] ] ], [ [ [ 127.995, 26.671 ], [ 128.02, 26.681 ], [ 128.035, 26.651 ], [ 128.0, 26.656 ], [ 127.995, 26.671 ] ] ], [ [ [ 127.805, 26.705 ], [ 127.75, 26.717 ], [ 127.759, 26.737 ], [ 127.808, 26.739 ], [ 127.831, 26.719 ], [ 127.805, 26.705 ] ] ], [ [ [ 127.954, 26.914 ], [ 127.928, 26.917 ], [ 127.912, 26.937 ], [ 127.92, 26.948 ], [ 127.937, 26.956 ], [ 127.945, 26.955 ], [ 127.954, 26.914 ] ] ], [ [ [ 127.951, 27.045 ], [ 128.02, 27.095 ], [ 127.991, 27.044 ], [ 127.937, 27.0 ], [ 127.951, 27.045 ] ] ] ] } },
{ "type": "Feature", "properties": { "name": "滋賀県" }, "geometry": { "type": "Polygon", "coordinates": [ [ [ 136.125, 34.872 ], [ 136.086, 34.838 ], [ 136.09, 34.812 ], [ 136.027, 34.791 ], [ 136.01, 34.8 ], [ 136.028, 34.822 ], [ 136.005, 34.826 ], [ 136.004, 34.844 ], [ 135.946, 34.852 ], [ 135.941, 34.894 ], [ 135.898, 34.871 ], [ 135.867, 34.892 ], [ 135.879, 34.947 ], [ 135.849, 34.992 ], [ 135.827, 34.991 ], [ 135.82, 35.015 ], [ 135.835, 35.022 ], [ 135.815, 35.045 ], [ 135.835, 35.056 ], [ 135.857, 35.154 ], [ 135.829, 35.22 ], [ 135.861, 35.283 ], [ 135.83, 35.277 ], [ 135.809, 35.316 ], [ 135.764, 35.345 ], [ 135.814, 35.413 ], [ 135.853, 35.412 ], [ 135.865, 35.394 ], [ 135.891, 35.403 ], [ 135.94, 35.521 ], [ 135.981, 35.487 ], [ 136.004, 35.491 ], [ 136.027, 35.529 ], [ 136.106, 35.529 ], [ 136.114, 35.583 ], [ 136.17, 35.566 ], [ 136.177, 35.598 ], [ 136.134, 35.67 ], [ 136.151, 35.698 ], [ 136.185, 35.704 ], [ 136.281, 35.661 ], [ 136.289, 35.62 ], [ 136.324, 35.617 ], [ 136.318, 35.547 ], [ 136.346, 35.536 ], [ 136.373, 35.56 ], [ 136.4, 35.53 ], [ 136.387, 35.489 ], [ 136.421, 35.466 ], [ 136.412, 35.419 ], [ 136.444, 35.389 ], [ 136.412, 35.37 ], [ 136.422, 35.348 ], [ 136.391, 35.29 ], [ 136.397, 35.258 ], [ 136.377, 35.243 ], [ 136.416, 35.217 ], [ 136.409, 35.187 ], [ 136.455, 35.152 ], [ 136.436, 35.131 ], [ 136.442, 35.066 ], [ 136.418, 35.049 ], [ 136.416, 34.981 ], [ 136.373, 34.942 ], [ 136.366, 34.905 ], [ 136.251, 34.858 ], [ 136.179, 34.887 ], [ 136.131, 34.883 ], [ 136.112, 34.902 ], [ 136.086, 34.889 ], [ 136.125, 34.872 ] ] ] } },
{ "type": "Feature", "properties": { "name": "熊本県" }, "geometry": { "type": "MultiPolygon", "coordinates": [ [ [ [ 130.047, 32.156 ], [ 130.038, 32.167 ], [ 130.019, 32.159 ], [ 130.021, 32.188 ], [ 130.047, 32.156 ] ] ], [ [ [ 130.345, 32.312 ], [ 130.3, 32.304 ], [ 130.331, 32.313 ], [ 130.33, 32.333 ], [ 130.347, 32.351 ], [ 130.375, 32.348 ], [ 130.345, 32.312 ] ] ], [ [ [ 130.31, 32.339 ], [ 130.324, 32.349 ], [ 130.3, 32.356 ], [ 130.322, 32.368 ], [ 130.342, 32.355 ], [ 130.31, 32.339 ] ] ], [ [ [ 129.992, 32.285 ], [ 130.024, 32.302 ], [ 130.034, 32.275 ], [ 130.028, 32.299 ], [ 130.05, 32.305 ], [ 130.061, 32.276 ], [ 130.072, 32.3 ], [ 130.027, 32.316 ], [ 129.994, 32.307 ], [ 129.977, 32.329 ], [ 130.004, 32.425 ], [ 130.047, 32.491 ], [ 130.013, 32.53 ], [ 130.038, 32.536 ], [ 130.046, 32.513 ], [ 130.119, 32.549 ], [ 130.189, 32.549 ], [ 130.209, 32.472 ], [ 130.197, 32.459 ], [ 130.217, 32.424 ], [ 130.193, 32.388 ], [ 130.219, 32.393 ], [ 130.226, 32.369 ], [ 130.204, 32.325 ], [ 130.173, 32.31 ], [ 130.178, 32.338 ], [ 130.158, 32.335 ], [ 130.14, 32.297 ], [ 130.166, 32.296 ], [ 130.092, 32.254 ], [ 130.102, 32.234 ], [ 130.08, 32.243 ], [ 130.074, 32.211 ], [ 130.045, 32.199 ], [ 130.029, 32.215 ], [ 130.032, 32.196 ], [ 130.0, 32.191 ], [ 129.997, 32.217 ], [ 130.015, 32.222 ], [ 130.0, 32.235 ], [ 129.999, 32.254 ], [ 129.967, 32.243 ], [ 129.992, 32.285 ] ] ], [ [ [ 130.275, 32.412 ], [ 130.234, 32.385 ], [ 130.246, 32.408 ], [ 130.221, 32.416 ], [ 130.205, 32.451 ], [ 130.291, 32.484 ], [ 130.32, 32.519 ], [ 130.385, 32.524 ], [ 130.395, 32.5 ], [ 130.418, 32.525 ], [ 130.461, 32.53 ], [ 130.408, 32.435 ], [ 130.424, 32.433 ], [ 130.402, 32.427 ], [ 130.404, 32.394 ], [ 130.354, 32.377 ], [ 130.349, 32.422 ], [ 130.329, 32.398 ], [ 130.275, 32.412 ] ] ], [ [ [ 130.473, 32.588 ], [ 130.476, 32.587 ], [ 130.488, 32.57 ], [ 130.464, 32.539 ], [ 130.466, 32.583 ], [ 130.469, 32.587 ], [ 130.471, 32.585 ], [ 130.473, 32.588 ] ] ], [ [ [ 130.458, 32.614 ], [ 130.441, 32.602 ], [ 130.46, 32.589 ], [ 130.45, 32.55 ], [ 130.405, 32.551 ], [ 130.419, 32.575 ], [ 130.407, 32.583 ], [ 130.394, 32.588 ], [ 130.411, 32.615 ], [ 130.458, 32.614 ] ] ], [ [ [ 130.487, 32.583 ], [ 130.474, 32.605 ], [ 130.51, 32.606 ], [ 130.51, 32.592 ], [ 130.487, 32.583 ] ] ], [ [ [ 130.603, 32.187 ], [ 130.583, 32.155 ], [ 130.54, 32.137 ], [ 130.48, 32.14 ], [ 130.473, 32.119 ], [ 130.429, 32.114 ], [ 130.361, 32.167 ], [ 130.402, 32.235 ], [ 130.435, 32.233 ], [ 130.424, 32.25 ], [ 130.449, 32.288 ], [ 130.466, 32.277 ], [ 130.464, 32.296 ], [ 130.491, 32.299 ], [ 130.47, 32.301 ], [ 130.465, 32.326 ], [ 130.507, 32.354 ], [ 130.489, 32.366 ], [ 130.575, 32.434 ], [ 130.565, 32.476 ], [ 130.542, 32.485 ], [ 130.565, 32.505 ], [ 130.533, 32.523 ], [ 130.573, 32.507 ], [ 130.536, 32.526 ], [ 130.544, 32.538 ], [ 130.634, 32.603 ], [ 130.618, 32.619 ], [ 130.654, 32.613 ], [ 130.661, 32.632 ], [ 130.459, 32.607 ], [ 130.462, 32.634 ], [ 130.607, 32.713 ], [ 130.598, 32.776 ], [ 130.614, 32.793 ], [ 130.584, 32.842 ], [ 130.524, 32.851 ], [ 130.523, 32.881 ], [ 130.463, 32.901 ], [ 130.461, 32.92 ], [ 130.452, 32.909 ], [ 130.443, 32.915 ], [ 130.43, 32.996 ], [ 130.414, 33.002 ], [ 130.506, 33.003 ], [ 130.497, 33.052 ], [ 130.566, 33.087 ], [ 130.577, 33.115 ], [ 130.66, 33.109 ], [ 130.68, 33.171 ], [ 130.692, 33.152 ], [ 130.734, 33.154 ], [ 130.991, 33.024 ], [ 131.024, 33.088 ], [ 130.978, 33.141 ], [ 130.992, 33.183 ], [ 131.101, 33.188 ], [ 131.161, 33.141 ], [ 131.175, 33.083 ], [ 131.217, 33.053 ], [ 131.224, 33.017 ], [ 131.263, 32.977 ], [ 131.246, 32.96 ], [ 131.257, 32.887 ], [ 131.33, 32.833 ], [ 131.265, 32.826 ], [ 131.235, 32.781 ], [ 131.235, 32.744 ], [ 131.18, 32.712 ], [ 131.175, 32.672 ], [ 131.144, 32.676 ], [ 131.116, 32.642 ], [ 131.108, 32.582 ], [ 131.052, 32.588 ], [ 131.018, 32.547 ], [ 131.026, 32.521 ], [ 131.007, 32.49 ], [ 131.02, 32.439 ], [ 131.044, 32.408 ], [ 131.068, 32.407 ], [ 131.074, 32.361 ], [ 131.112, 32.33 ], [ 131.079, 32.281 ], [ 131.051, 32.286 ], [ 131.043, 32.248 ], [ 131.101, 32.202 ], [ 131.109, 32.16 ], [ 131.059, 32.155 ], [ 131.012, 32.174 ], [ 130.974, 32.121 ], [ 130.933, 32.116 ], [ 130.906, 32.134 ], [ 130.876, 32.117 ], [ 130.821, 32.095 ], [ 130.72, 32.101 ], [ 130.623, 32.156 ], [ 130.603, 32.187 ] ] ] ] } },
{ "type": "Feature", "properties": { "name": "石川県" }, "geometry": { "type": "MultiPolygon", "coordinates": [ [ [ [ 136.56, 36.153 ], [ 136.488, 36.159 ], [ 136.457, 36.136 ], [ 136.409, 36.172 ], [ 136.358, 36.165 ], [ 136.336, 36.185 ], [ 136.332, 36.23 ], [ 136.243, 36.297 ], [ 136.299, 36.352 ], [ 136.4, 36.405 ], [ 136.526, 36.534 ], [ 136.6, 36.621 ], [ 136.598, 36.624 ], [ 136.6, 36.646 ], [ 136.602, 36.618 ], [ 136.606, 36.643 ], [ 136.664, 36.692 ], [ 136.744, 36.828 ], [ 136.77, 36.996 ], [ 136.719, 37.059 ], [ 136.727, 37.136 ], [ 136.669, 37.148 ], [ 136.68, 37.207 ], [ 136.732, 37.279 ], [ 136.721, 37.32 ], [ 136.737, 37.348 ], [ 136.843, 37.4 ], [ 136.925, 37.395 ], [ 137.029, 37.433 ], [ 137.127, 37.494 ], [ 137.276, 37.535 ], [ 137.327, 37.531 ], [ 137.352, 37.504 ], [ 137.34, 37.485 ], [ 137.361, 37.451 ], [ 137.253, 37.428 ], [ 137.238, 37.38 ], [ 137.268, 37.336 ], [ 137.246, 37.307 ], [ 137.23, 37.312 ], [ 137.228, 37.301 ], [ 137.235, 37.299 ], [ 137.234, 37.295 ], [ 137.151, 37.307 ], [ 137.098, 37.278 ], [ 137.07, 37.219 ], [ 137.011, 37.183 ], [ 136.946, 37.216 ], [ 136.962, 37.236 ], [ 136.906, 37.218 ], [ 136.93, 37.206 ], [ 136.907, 37.203 ], [ 136.873, 37.146 ], [ 136.901, 37.136 ], [ 136.893, 37.111 ], [ 136.867, 37.111 ], [ 136.859, 37.076 ], [ 136.888, 37.068 ], [ 136.915, 37.092 ], [ 136.986, 37.048 ], [ 137.022, 37.101 ], [ 137.057, 37.109 ], [ 137.057, 36.968 ], [ 136.987, 36.967 ], [ 136.974, 36.944 ], [ 136.948, 36.955 ], [ 136.896, 36.925 ], [ 136.849, 36.813 ], [ 136.849, 36.759 ], [ 136.789, 36.719 ], [ 136.823, 36.681 ], [ 136.783, 36.617 ], [ 136.791, 36.57 ], [ 136.817, 36.552 ], [ 136.795, 36.511 ], [ 136.797, 36.445 ], [ 136.768, 36.424 ], [ 136.808, 36.359 ], [ 136.785, 36.344 ], [ 136.791, 36.301 ], [ 136.852, 36.247 ], [ 136.798, 36.173 ], [ 136.766, 36.163 ], [ 136.78, 36.134 ], [ 136.754, 36.086 ], [ 136.674, 36.067 ], [ 136.657, 36.083 ], [ 136.56, 36.153 ] ] ], [ [ [ 137.034, 37.168 ], [ 137.054, 37.149 ], [ 137.041, 37.117 ], [ 136.995, 37.118 ], [ 136.946, 37.091 ], [ 136.902, 37.152 ], [ 136.924, 37.147 ], [ 136.923, 37.13 ], [ 136.941, 37.146 ], [ 136.977, 37.14 ], [ 136.967, 37.155 ], [ 137.0, 37.139 ], [ 137.034, 37.168 ] ] ] ] } },
{ "type": "Feature", "properties": { "name": "神奈川県" }, "geometry": { "type": "MultiPolygon", "coordinates": [ [ [ [ 139.624, 35.143 ], [ 139.619, 35.139 ], [ 139.609, 35.14 ], [ 139.605, 35.145 ], [ 139.63, 35.164 ], [ 139.599, 35.196 ], [ 139.627, 35.216 ], [ 139.576, 35.254 ], [ 139.572, 35.293 ], [ 139.44, 35.319 ], [ 139.255, 35.294 ], [ 139.148, 35.241 ], [ 139.136, 35.181 ], [ 139.16, 35.14 ], [ 139.029, 35.15 ], [ 138.974, 35.248 ], [ 139.019, 35.329 ], [ 139.002, 35.399 ], [ 138.916, 35.401 ], [ 138.927, 35.438 ], [ 139.11, 35.532 ], [ 139.13, 35.566 ], [ 139.117, 35.655 ], [ 139.133, 35.673 ], [ 139.179, 35.646 ], [ 139.211, 35.649 ], [ 139.252, 35.602 ], [ 139.285, 35.613 ], [ 139.4, 35.584 ], [ 139.474, 35.501 ], [ 139.488, 35.528 ], [ 139.47, 35.569 ], [ 139.485, 35.585 ], [ 139.49, 35.562 ], [ 139.508, 35.575 ], [ 139.453, 35.604 ], [ 139.453, 35.619 ], [ 139.5, 35.605 ], [ 139.526, 35.643 ], [ 139.619, 35.614 ], [ 139.667, 35.587 ], [ 139.701, 35.538 ], [ 139.757, 35.545 ], [ 139.801, 35.512 ], [ 139.776, 35.51 ], [ 139.769, 35.523 ], [ 139.752, 35.533 ], [ 139.749, 35.507 ], [ 139.73, 35.515 ], [ 139.731, 35.499 ], [ 139.688, 35.495 ], [ 139.676, 35.469 ], [ 139.674, 35.484 ], [ 139.633, 35.464 ], [ 139.66, 35.441 ], [ 139.673, 35.451 ], [ 139.675, 35.432 ], [ 139.691, 35.439 ], [ 139.67, 35.403 ], [ 139.629, 35.413 ], [ 139.645, 35.403 ], [ 139.626, 35.402 ], [ 139.629, 35.384 ], [ 139.658, 35.379 ], [ 139.657, 35.342 ], [ 139.622, 35.331 ], [ 139.662, 35.328 ], [ 139.631, 35.3 ], [ 139.661, 35.283 ], [ 139.674, 35.301 ], [ 139.691, 35.267 ], [ 139.747, 35.253 ], [ 139.717, 35.246 ], [ 139.729, 35.233 ], [ 139.713, 35.224 ], [ 139.72, 35.222 ], [ 139.715, 35.217 ], [ 139.723, 35.218 ], [ 139.725, 35.216 ], [ 139.725, 35.211 ], [ 139.657, 35.186 ], [ 139.678, 35.139 ], [ 139.625, 35.138 ], [ 139.624, 35.143 ] ], [ [ 139.518, 35.63 ], [ 139.517, 35.63 ], [ 139.517, 35.629 ], [ 139.518, 35.629 ], [ 139.518, 35.63 ] ] ], [ [ [ 139.736, 35.494 ], [ 139.742, 35.477 ], [ 139.708, 35.471 ], [ 139.702, 35.481 ], [ 139.736, 35.494 ] ] ], [ [ [ 139.771, 35.506 ], [ 139.777, 35.505 ], [ 139.784, 35.502 ], [ 139.746, 35.485 ], [ 139.749, 35.5 ], [ 139.761, 35.506 ], [ 139.771, 35.506 ] ] ] ] } },
{ "type": "Feature", "properties": { "name": "福井県" }, "geometry": { "type": "Polygon", "coordinates": [ [ [ 135.701, 35.344 ], [ 135.528, 35.38 ], [ 135.526, 35.42 ], [ 135.502, 35.42 ], [ 135.458, 35.468 ], [ 135.476, 35.505 ], [ 135.45, 35.521 ], [ 135.454, 35.538 ], [ 135.487, 35.558 ], [ 135.468, 35.531 ], [ 135.495, 35.522 ], [ 135.51, 35.535 ], [ 135.499, 35.554 ], [ 135.516, 35.551 ], [ 135.507, 35.506 ], [ 135.536, 35.489 ], [ 135.574, 35.493 ], [ 135.661, 35.548 ], [ 135.669, 35.525 ], [ 135.631, 35.522 ], [ 135.642, 35.508 ], [ 135.627, 35.489 ], [ 135.592, 35.495 ], [ 135.581, 35.49 ], [ 135.718, 35.484 ], [ 135.765, 35.534 ], [ 135.718, 35.52 ], [ 135.717, 35.541 ], [ 135.689, 35.546 ], [ 135.715, 35.57 ], [ 135.75, 35.567 ], [ 135.757, 35.543 ], [ 135.766, 35.557 ], [ 135.798, 35.525 ], [ 135.834, 35.536 ], [ 135.801, 35.571 ], [ 135.84, 35.563 ], [ 135.856, 35.6 ], [ 135.832, 35.603 ], [ 135.839, 35.621 ], [ 135.815, 35.642 ], [ 135.868, 35.608 ], [ 135.979, 35.628 ], [ 135.986, 35.643 ], [ 135.963, 35.657 ], [ 135.976, 35.698 ], [ 135.954, 35.722 ], [ 136.018, 35.764 ], [ 136.044, 35.705 ], [ 136.026, 35.68 ], [ 136.046, 35.658 ], [ 136.073, 35.661 ], [ 136.058, 35.664 ], [ 136.086, 35.685 ], [ 136.1, 35.779 ], [ 135.994, 35.888 ], [ 135.997, 35.935 ], [ 135.958, 35.983 ], [ 136.011, 36.034 ], [ 136.028, 36.096 ], [ 136.093, 36.153 ], [ 136.112, 36.205 ], [ 136.129, 36.192 ], [ 136.123, 36.25 ], [ 136.175, 36.254 ], [ 136.244, 36.295 ], [ 136.332, 36.23 ], [ 136.336, 36.185 ], [ 136.358, 36.165 ], [ 136.409, 36.172 ], [ 136.457, 36.136 ], [ 136.488, 36.159 ], [ 136.56, 36.153 ], [ 136.662, 36.068 ], [ 136.761, 36.079 ], [ 136.733, 36.049 ], [ 136.727, 35.996 ], [ 136.752, 35.989 ], [ 136.753, 35.956 ], [ 136.793, 35.946 ], [ 136.784, 35.926 ], [ 136.814, 35.911 ], [ 136.832, 35.859 ], [ 136.802, 35.844 ], [ 136.789, 35.799 ], [ 136.723, 35.808 ], [ 136.658, 35.783 ], [ 136.645, 35.807 ], [ 136.571, 35.777 ], [ 136.523, 35.788 ], [ 136.506, 35.75 ], [ 136.486, 35.776 ], [ 136.378, 35.795 ], [ 136.328, 35.775 ], [ 136.324, 35.717 ], [ 136.281, 35.659 ], [ 136.191, 35.702 ], [ 136.15, 35.698 ], [ 136.134, 35.669 ], [ 136.177, 35.598 ], [ 136.17, 35.566 ], [ 136.114, 35.583 ], [ 136.106, 35.529 ], [ 136.027, 35.529 ], [ 136.004, 35.491 ], [ 135.981, 35.487 ], [ 135.94, 35.521 ], [ 135.891, 35.403 ], [ 135.865, 35.394 ], [ 135.853, 35.412 ], [ 135.814, 35.413 ], [ 135.808, 35.385 ], [ 135.769, 35.356 ], [ 135.701, 35.344 ] ] ] } },
{ "type": "Feature", "properties": { "name": "福岡県" }, "geometry": { "type": "MultiPolygon", "coordinates": [ [ [ [ 130.392, 33.004 ], [ 130.425, 33.053 ], [ 130.373, 33.141 ], [ 130.356, 33.14 ], [ 130.34, 33.205 ], [ 130.378, 33.221 ], [ 130.37, 33.239 ], [ 130.391, 33.26 ], [ 130.415, 33.253 ], [ 130.428, 33.291 ], [ 130.45, 33.265 ], [ 130.468, 33.287 ], [ 130.456, 33.301 ], [ 130.489, 33.316 ], [ 130.48, 33.331 ], [ 130.536, 33.343 ], [ 130.537, 33.438 ], [ 130.477, 33.438 ], [ 130.411, 33.395 ], [ 130.397, 33.427 ], [ 130.275, 33.48 ], [ 130.043, 33.468 ], [ 130.045, 33.496 ], [ 130.127, 33.51 ], [ 130.125, 33.526 ], [ 130.164, 33.551 ], [ 130.116, 33.547 ], [ 130.136, 33.567 ], [ 130.098, 33.564 ], [ 130.088, 33.583 ], [ 130.148, 33.593 ], [ 130.157, 33.628 ], [ 130.199, 33.64 ], [ 130.21, 33.667 ], [ 130.237, 33.649 ], [ 130.232, 33.616 ], [ 130.275, 33.61 ], [ 130.267, 33.594 ], [ 130.263, 33.603 ], [ 130.251, 33.6 ], [ 130.273, 33.583 ], [ 130.393, 33.597 ], [ 130.385, 33.608 ], [ 130.402, 33.605 ], [ 130.408, 33.645 ], [ 130.421, 33.643 ], [ 130.405, 33.652 ], [ 130.434, 33.662 ], [ 130.431, 33.687 ], [ 130.368, 33.665 ], [ 130.36, 33.644 ], [ 130.318, 33.661 ], [ 130.381, 33.675 ], [ 130.456, 33.733 ], [ 130.471, 33.775 ], [ 130.448, 33.786 ], [ 130.444, 33.815 ], [ 130.469, 33.814 ], [ 130.478, 33.858 ], [ 130.518, 33.861 ], [ 130.525, 33.89 ], [ 130.632, 33.884 ], [ 130.682, 33.937 ], [ 130.738, 33.927 ], [ 130.77, 33.949 ], [ 130.751, 33.923 ], [ 130.778, 33.934 ], [ 130.791, 33.933 ], [ 130.783, 33.935 ], [ 130.777, 33.946 ], [ 130.832, 33.95 ], [ 130.851, 33.941 ], [ 130.819, 33.926 ], [ 130.81, 33.928 ], [ 130.815, 33.903 ], [ 130.741, 33.875 ], [ 130.803, 33.891 ], [ 130.802, 33.874 ], [ 130.825, 33.921 ], [ 130.857, 33.929 ], [ 130.85, 33.915 ], [ 130.869, 33.917 ], [ 130.849, 33.91 ], [ 130.848, 33.905 ], [ 130.872, 33.916 ], [ 130.887, 33.907 ], [ 130.867, 33.901 ], [ 130.867, 33.898 ], [ 130.888, 33.902 ], [ 130.878, 33.889 ], [ 130.892, 33.888 ], [ 130.931, 33.907 ], [ 130.963, 33.962 ], [ 131.021, 33.962 ], [ 131.0, 33.923 ], [ 131.016, 33.919 ], [ 130.987, 33.9 ], [ 131.005, 33.892 ], [ 130.982, 33.867 ], [ 130.984, 33.864 ], [ 130.989, 33.869 ], [ 130.999, 33.868 ], [ 130.993, 33.851 ], [ 130.957, 33.829 ], [ 130.961, 33.822 ], [ 130.971, 33.825 ], [ 130.975, 33.826 ], [ 130.977, 33.826 ], [ 130.977, 33.826 ], [ 130.967, 33.809 ], [ 131.012, 33.82 ], [ 131.019, 33.805 ], [ 130.996, 33.81 ], [ 130.985, 33.785 ], [ 130.993, 33.795 ], [ 131.002, 33.795 ], [ 130.999, 33.769 ], [ 131.011, 33.782 ], [ 131.004, 33.748 ], [ 131.094, 33.624 ], [ 131.185, 33.622 ], [ 131.172, 33.583 ], [ 131.19, 33.556 ], [ 131.166, 33.527 ], [ 131.177, 33.507 ], [ 131.03, 33.519 ], [ 130.973, 33.506 ], [ 130.895, 33.446 ], [ 130.886, 33.38 ], [ 130.835, 33.344 ], [ 130.857, 33.327 ], [ 130.866, 33.292 ], [ 130.852, 33.277 ], [ 130.868, 33.264 ], [ 130.829, 33.257 ], [ 130.826, 33.237 ], [ 130.859, 33.23 ], [ 130.836, 33.211 ], [ 130.887, 33.186 ], [ 130.853, 33.109 ], [ 130.771, 33.124 ], [ 130.732, 33.154 ], [ 130.692, 33.152 ], [ 130.68, 33.171 ], [ 130.66, 33.109 ], [ 130.577, 33.115 ], [ 130.566, 33.087 ], [ 130.497, 33.052 ], [ 130.506, 33.003 ], [ 130.397, 33.0 ], [ 130.419, 33.008 ], [ 130.392, 33.004 ] ] ], [ [ [ 130.317, 33.661 ], [ 130.299, 33.66 ], [ 130.294, 33.667 ], [ 130.3, 33.69 ], [ 130.317, 33.661 ] ] ], [ [ [ 130.448, 33.913 ], [ 130.429, 33.887 ], [ 130.408, 33.9 ], [ 130.408, 33.911 ], [ 130.448, 33.913 ] ] ] ] } },
{ "type": "Feature", "properties": { "name": "福島県" }, "geometry": { "type": "Polygon", "coordinates": [ [ [ 140.284, 36.935 ], [ 140.241, 36.946 ], [ 140.249, 37.026 ], [ 140.203, 37.024 ], [ 140.193, 37.065 ], [ 140.14, 37.105 ], [ 139.954, 37.155 ], [ 139.832, 37.134 ], [ 139.815, 37.117 ], [ 139.822, 37.085 ], [ 139.775, 37.092 ], [ 139.752, 37.07 ], [ 139.673, 37.058 ], [ 139.535, 36.981 ], [ 139.461, 36.971 ], [ 139.43, 36.926 ], [ 139.393, 36.911 ], [ 139.266, 36.941 ], [ 139.241, 36.929 ], [ 139.23, 36.94 ], [ 139.25, 36.956 ], [ 139.243, 37.015 ], [ 139.26, 37.048 ], [ 139.235, 37.112 ], [ 139.254, 37.165 ], [ 139.221, 37.209 ], [ 139.197, 37.194 ], [ 139.165, 37.236 ], [ 139.212, 37.286 ], [ 139.234, 37.344 ], [ 139.232, 37.388 ], [ 139.197, 37.411 ], [ 139.224, 37.449 ], [ 139.363, 37.47 ], [ 139.398, 37.46 ], [ 139.429, 37.515 ], [ 139.585, 37.513 ], [ 139.549, 37.649 ], [ 139.627, 37.688 ], [ 139.624, 37.71 ], [ 139.658, 37.755 ], [ 139.742, 37.818 ], [ 139.721, 37.84 ], [ 139.716, 37.847 ], [ 139.715, 37.853 ], [ 139.698, 37.848 ], [ 139.691, 37.848 ], [ 139.689, 37.847 ], [ 139.681, 37.847 ], [ 139.706, 37.856 ], [ 139.716, 37.854 ], [ 139.741, 37.82 ], [ 139.783, 37.832 ], [ 139.81, 37.803 ], [ 139.858, 37.827 ], [ 139.887, 37.809 ], [ 139.937, 37.828 ], [ 139.986, 37.76 ], [ 140.051, 37.779 ], [ 140.126, 37.734 ], [ 140.166, 37.757 ], [ 140.237, 37.746 ], [ 140.299, 37.807 ], [ 140.262, 37.834 ], [ 140.28, 37.977 ], [ 140.349, 37.95 ], [ 140.407, 37.974 ], [ 140.475, 37.947 ], [ 140.47, 37.918 ], [ 140.489, 37.899 ], [ 140.566, 37.923 ], [ 140.663, 37.9 ], [ 140.69, 37.888 ], [ 140.679, 37.836 ], [ 140.694, 37.803 ], [ 140.792, 37.773 ], [ 140.803, 37.78 ], [ 140.764, 37.797 ], [ 140.775, 37.806 ], [ 140.858, 37.803 ], [ 140.856, 37.891 ], [ 140.931, 37.896 ], [ 140.946, 37.853 ], [ 140.95, 37.858 ], [ 140.962, 37.861 ], [ 140.968, 37.859 ], [ 140.949, 37.855 ], [ 140.959, 37.831 ], [ 140.962, 37.831 ], [ 140.963, 37.839 ], [ 140.967, 37.845 ], [ 140.963, 37.831 ], [ 140.987, 37.823 ], [ 141.015, 37.674 ], [ 141.032, 37.673 ], [ 141.041, 37.665 ], [ 141.019, 37.672 ], [ 141.033, 37.667 ], [ 141.019, 37.657 ], [ 141.046, 37.48 ], [ 141.025, 37.325 ], [ 141.039, 37.319 ], [ 141.014, 37.26 ], [ 141.016, 37.23 ], [ 141.022, 37.229 ], [ 141.028, 37.238 ], [ 141.029, 37.238 ], [ 141.022, 37.229 ], [ 141.013, 37.229 ], [ 141.004, 37.206 ], [ 140.969, 36.973 ], [ 140.925, 36.935 ], [ 140.903, 36.945 ], [ 140.817, 36.908 ], [ 140.787, 36.856 ], [ 140.616, 36.903 ], [ 140.576, 36.943 ], [ 140.565, 36.913 ], [ 140.592, 36.873 ], [ 140.538, 36.859 ], [ 140.465, 36.791 ], [ 140.439, 36.822 ], [ 140.377, 36.838 ], [ 140.365, 36.884 ], [ 140.327, 36.891 ], [ 140.284, 36.935 ] ] ] } },
{ "type": "Feature", "properties": { "name": "秋田県" }, "geometry": { "type": "Polygon", "coordinates": [ [ [ 140.562, 38.873 ], [ 140.538, 38.9 ], [ 140.5, 38.895 ], [ 140.462, 38.919 ], [ 140.432, 38.992 ], [ 140.376, 38.994 ], [ 140.362, 39.026 ], [ 140.329, 39.035 ], [ 140.311, 39.014 ], [ 140.261, 39.035 ], [ 140.227, 39.027 ], [ 140.201, 39.036 ], [ 140.198, 39.061 ], [ 140.152, 39.048 ], [ 140.063, 39.093 ], [ 140.062, 39.133 ], [ 139.994, 39.106 ], [ 139.87, 39.118 ], [ 139.905, 39.181 ], [ 139.892, 39.213 ], [ 139.916, 39.276 ], [ 139.974, 39.304 ], [ 140.024, 39.415 ], [ 140.061, 39.614 ], [ 140.058, 39.728 ], [ 140.039, 39.76 ], [ 140.048, 39.758 ], [ 140.05, 39.771 ], [ 140.028, 39.769 ], [ 140.042, 39.785 ], [ 140.002, 39.852 ], [ 139.925, 39.899 ], [ 139.862, 39.897 ], [ 139.847, 39.878 ], [ 139.866, 39.874 ], [ 139.848, 39.863 ], [ 139.755, 39.857 ], [ 139.706, 39.928 ], [ 139.721, 39.955 ], [ 139.702, 39.961 ], [ 139.693, 39.995 ], [ 139.702, 40.007 ], [ 139.723, 39.982 ], [ 139.818, 39.96 ], [ 139.885, 39.999 ], [ 139.949, 40.079 ], [ 139.993, 40.178 ], [ 139.978, 40.202 ], [ 140.026, 40.217 ], [ 139.983, 40.211 ], [ 140.011, 40.245 ], [ 140.026, 40.343 ], [ 140.012, 40.374 ], [ 139.937, 40.429 ], [ 139.995, 40.435 ], [ 140.019, 40.42 ], [ 140.023, 40.451 ], [ 140.068, 40.469 ], [ 140.112, 40.435 ], [ 140.335, 40.439 ], [ 140.348, 40.468 ], [ 140.388, 40.487 ], [ 140.436, 40.48 ], [ 140.44, 40.45 ], [ 140.53, 40.431 ], [ 140.524, 40.411 ], [ 140.541, 40.403 ], [ 140.567, 40.399 ], [ 140.553, 40.421 ], [ 140.59, 40.436 ], [ 140.653, 40.403 ], [ 140.699, 40.429 ], [ 140.734, 40.416 ], [ 140.734, 40.44 ], [ 140.769, 40.454 ], [ 140.804, 40.449 ], [ 140.82, 40.495 ], [ 140.877, 40.511 ], [ 140.861, 40.441 ], [ 140.892, 40.423 ], [ 140.985, 40.427 ], [ 140.995, 40.353 ], [ 140.962, 40.347 ], [ 140.944, 40.296 ], [ 140.955, 40.248 ], [ 140.859, 40.171 ], [ 140.884, 40.157 ], [ 140.867, 40.132 ], [ 140.881, 40.114 ], [ 140.844, 40.075 ], [ 140.845, 39.975 ], [ 140.878, 39.875 ], [ 140.853, 39.866 ], [ 140.826, 39.886 ], [ 140.782, 39.868 ], [ 140.787, 39.823 ], [ 140.848, 39.793 ], [ 140.775, 39.735 ], [ 140.823, 39.688 ], [ 140.822, 39.65 ], [ 140.798, 39.604 ], [ 140.73, 39.565 ], [ 140.741, 39.536 ], [ 140.714, 39.499 ], [ 140.724, 39.481 ], [ 140.682, 39.457 ], [ 140.685, 39.425 ], [ 140.658, 39.415 ], [ 140.653, 39.391 ], [ 140.679, 39.383 ], [ 140.708, 39.334 ], [ 140.694, 39.3 ], [ 140.789, 39.238 ], [ 140.765, 39.198 ], [ 140.808, 39.178 ], [ 140.75, 39.14 ], [ 140.77, 39.124 ], [ 140.752, 39.088 ], [ 140.802, 39.078 ], [ 140.81, 39.057 ], [ 140.764, 39.0 ], [ 140.774, 38.958 ], [ 140.732, 38.949 ], [ 140.654, 38.889 ], [ 140.562, 38.873 ] ] ] } },
{ "type": "Feature", "properties": { "name": "群馬県" }, "geometry": { "type": "Polygon", "coordinates": [ [ [ 138.713, 35.985 ], [ 138.632, 36.027 ], [ 138.645, 36.12 ], [ 138.601, 36.136 ], [ 138.577, 36.168 ], [ 138.636, 36.172 ], [ 138.6, 36.278 ], [ 138.654, 36.303 ], [ 138.648, 36.409 ], [ 138.592, 36.424 ], [ 138.489, 36.401 ], [ 138.401, 36.434 ], [ 138.397, 36.49 ], [ 138.429, 36.598 ], [ 138.473, 36.644 ], [ 138.529, 36.655 ], [ 138.521, 36.694 ], [ 138.712, 36.739 ], [ 138.727, 36.764 ], [ 138.789, 36.745 ], [ 138.827, 36.772 ], [ 138.822, 36.818 ], [ 138.929, 36.833 ], [ 138.923, 36.884 ], [ 138.98, 36.892 ], [ 138.967, 36.979 ], [ 139.047, 36.987 ], [ 139.091, 37.02 ], [ 139.097, 37.059 ], [ 139.171, 37.002 ], [ 139.183, 36.962 ], [ 139.229, 36.961 ], [ 139.241, 36.929 ], [ 139.266, 36.941 ], [ 139.393, 36.911 ], [ 139.349, 36.853 ], [ 139.407, 36.827 ], [ 139.353, 36.774 ], [ 139.372, 36.746 ], [ 139.337, 36.692 ], [ 139.33, 36.628 ], [ 139.398, 36.602 ], [ 139.465, 36.607 ], [ 139.484, 36.582 ], [ 139.439, 36.551 ], [ 139.418, 36.495 ], [ 139.436, 36.466 ], [ 139.408, 36.458 ], [ 139.361, 36.384 ], [ 139.463, 36.272 ], [ 139.526, 36.285 ], [ 139.562, 36.267 ], [ 139.632, 36.271 ], [ 139.67, 36.213 ], [ 139.625, 36.187 ], [ 139.588, 36.21 ], [ 139.464, 36.189 ], [ 139.359, 36.253 ], [ 139.322, 36.237 ], [ 139.244, 36.244 ], [ 139.13, 36.283 ], [ 139.063, 36.196 ], [ 139.042, 36.128 ], [ 138.958, 36.124 ], [ 138.945, 36.095 ], [ 138.865, 36.077 ], [ 138.828, 36.037 ], [ 138.754, 36.035 ], [ 138.713, 35.985 ] ], [ [ 139.264, 36.244 ], [ 139.264, 36.245 ], [ 139.262, 36.245 ], [ 139.262, 36.244 ], [ 139.264, 36.244 ] ] ] } },
{ "type": "Feature", "properties": { "name": "茨城県" }, "geometry": { "type": "Polygon", "coordinates": [ [ [ 140.838, 35.739 ], [ 140.742, 35.785 ], [ 140.697, 35.842 ], [ 140.631, 35.859 ], [ 140.608, 35.896 ], [ 140.511, 35.959 ], [ 140.487, 35.929 ], [ 140.503, 35.906 ], [ 140.458, 35.927 ], [ 140.362, 35.899 ], [ 140.319, 35.865 ], [ 140.278, 35.874 ], [ 140.151, 35.843 ], [ 140.125, 35.873 ], [ 140.074, 35.877 ], [ 139.938, 35.941 ], [ 139.936, 35.967 ], [ 139.884, 35.989 ], [ 139.787, 36.104 ], [ 139.769, 36.081 ], [ 139.73, 36.087 ], [ 139.696, 36.157 ], [ 139.691, 36.206 ], [ 139.727, 36.202 ], [ 139.822, 36.24 ], [ 139.848, 36.311 ], [ 139.881, 36.323 ], [ 139.91, 36.301 ], [ 139.914, 36.337 ], [ 139.965, 36.351 ], [ 139.973, 36.378 ], [ 140.048, 36.376 ], [ 140.066, 36.404 ], [ 140.111, 36.398 ], [ 140.132, 36.415 ], [ 140.157, 36.398 ], [ 140.193, 36.405 ], [ 140.229, 36.502 ], [ 140.26, 36.517 ], [ 140.22, 36.687 ], [ 140.292, 36.713 ], [ 140.255, 36.76 ], [ 140.258, 36.933 ], [ 140.303, 36.927 ], [ 140.327, 36.891 ], [ 140.365, 36.884 ], [ 140.377, 36.838 ], [ 140.439, 36.822 ], [ 140.464, 36.791 ], [ 140.538, 36.859 ], [ 140.592, 36.873 ], [ 140.565, 36.913 ], [ 140.586, 36.945 ], [ 140.616, 36.903 ], [ 140.798, 36.858 ], [ 140.806, 36.831 ], [ 140.773, 36.823 ], [ 140.748, 36.784 ], [ 140.716, 36.662 ], [ 140.612, 36.486 ], [ 140.628, 36.483 ], [ 140.608, 36.452 ], [ 140.633, 36.442 ], [ 140.608, 36.428 ], [ 140.63, 36.422 ], [ 140.61, 36.41 ], [ 140.627, 36.377 ], [ 140.558, 36.273 ], [ 140.603, 36.099 ], [ 140.668, 35.976 ], [ 140.678, 35.967 ], [ 140.681, 35.972 ], [ 140.683, 35.969 ], [ 140.693, 35.969 ], [ 140.702, 35.963 ], [ 140.685, 35.964 ], [ 140.694, 35.929 ], [ 140.652, 35.927 ], [ 140.691, 35.883 ], [ 140.677, 35.912 ], [ 140.71, 35.927 ], [ 140.713, 35.964 ], [ 140.71, 35.927 ], [ 140.708, 35.921 ], [ 140.811, 35.776 ], [ 140.843, 35.746 ], [ 140.849, 35.748 ], [ 140.849, 35.751 ], [ 140.847, 35.753 ], [ 140.845, 35.757 ], [ 140.847, 35.76 ], [ 140.849, 35.751 ], [ 140.849, 35.748 ], [ 140.848, 35.747 ], [ 140.851, 35.743 ], [ 140.838, 35.739 ] ] ] } },
{ "type": "Feature", "properties": { "name": "長崎県" }, "geometry": { "type": "MultiPolygon", "coordinates": [ [ [ [ 128.625, 32.637 ], [ 128.616, 32.657 ], [ 128.635, 32.68 ], [ 128.64, 32.664 ], [ 128.625, 32.637 ] ] ], [ [ [ 128.612, 32.647 ], [ 128.613, 32.621 ], [ 128.626, 32.627 ], [ 128.643, 32.604 ], [ 128.668, 32.63 ], [ 128.636, 32.628 ], [ 128.655, 32.642 ], [ 128.644, 32.654 ], [ 128.667, 32.645 ], [ 128.65, 32.657 ], [ 128.671, 32.651 ], [ 128.663, 32.667 ], [ 128.679, 32.672 ], [ 128.649, 32.68 ], [ 128.648, 32.7 ], [ 128.664, 32.701 ], [ 128.645, 32.724 ], [ 128.651, 32.775 ], [ 128.697, 32.767 ], [ 128.698, 32.738 ], [ 128.709, 32.75 ], [ 128.737, 32.758 ], [ 128.725, 32.747 ], [ 128.742, 32.751 ], [ 128.735, 32.744 ], [ 128.736, 32.738 ], [ 128.739, 32.738 ], [ 128.758, 32.769 ], [ 128.774, 32.734 ], [ 128.773, 32.751 ], [ 128.799, 32.755 ], [ 128.766, 32.762 ], [ 128.811, 32.798 ], [ 128.804, 32.775 ], [ 128.826, 32.76 ], [ 128.804, 32.752 ], [ 128.852, 32.75 ], [ 128.849, 32.689 ], [ 128.897, 32.651 ], [ 128.77, 32.645 ], [ 128.762, 32.62 ], [ 128.793, 32.592 ], [ 128.772, 32.574 ], [ 128.752, 32.583 ], [ 128.736, 32.607 ], [ 128.666, 32.608 ], [ 128.656, 32.59 ], [ 128.598, 32.613 ], [ 128.612, 32.647 ] ] ], [ [ [ 128.963, 32.75 ], [ 128.988, 32.756 ], [ 128.989, 32.788 ], [ 128.999, 32.787 ], [ 129.004, 32.751 ], [ 128.963, 32.75 ] ] ], [ [ [ 128.865, 32.764 ], [ 128.836, 32.779 ], [ 128.835, 32.833 ], [ 128.861, 32.835 ], [ 128.876, 32.798 ], [ 128.871, 32.842 ], [ 128.911, 32.797 ], [ 128.865, 32.764 ] ] ], [ [ [ 128.916, 32.87 ], [ 128.929, 32.839 ], [ 128.933, 32.838 ], [ 128.923, 32.87 ], [ 128.943, 32.849 ], [ 128.948, 32.882 ], [ 128.965, 32.851 ], [ 128.942, 32.827 ], [ 128.943, 32.8 ], [ 128.935, 32.829 ], [ 128.934, 32.816 ], [ 128.914, 32.821 ], [ 128.925, 32.833 ], [ 128.892, 32.864 ], [ 128.89, 32.852 ], [ 128.873, 32.862 ], [ 128.907, 32.875 ], [ 128.916, 32.87 ] ] ], [ [ [ 128.98, 32.904 ], [ 128.989, 32.933 ], [ 129.033, 32.895 ], [ 129.028, 32.845 ], [ 129.0, 32.868 ], [ 128.976, 32.86 ], [ 128.961, 32.9 ], [ 129.004, 32.882 ], [ 129.001, 32.903 ], [ 128.98, 32.904 ] ] ], [ [ [ 128.969, 32.93 ], [ 128.963, 32.904 ], [ 128.93, 32.92 ], [ 128.957, 32.917 ], [ 128.969, 32.93 ] ] ], [ [ [ 129.068, 32.904 ], [ 129.026, 32.92 ], [ 129.041, 32.93 ], [ 129.036, 32.946 ], [ 129.023, 32.932 ], [ 129.015, 32.949 ], [ 129.007, 32.94 ], [ 128.992, 32.944 ], [ 129.012, 32.977 ], [ 129.03, 32.961 ], [ 129.048, 32.976 ], [ 129.05, 32.959 ], [ 129.066, 32.981 ], [ 129.044, 32.986 ], [ 129.042, 33.028 ], [ 129.068, 33.046 ], [ 129.07, 33.02 ], [ 129.088, 33.025 ], [ 129.074, 33.057 ], [ 129.108, 33.088 ], [ 129.094, 33.121 ], [ 129.115, 33.164 ], [ 129.103, 33.124 ], [ 129.12, 33.099 ], [ 129.087, 32.984 ], [ 129.166, 33.009 ], [ 129.183, 33.002 ], [ 129.183, 32.973 ], [ 129.14, 32.937 ], [ 129.102, 32.962 ], [ 129.109, 32.926 ], [ 129.084, 32.926 ], [ 129.095, 32.903 ], [ 129.081, 32.896 ], [ 129.1, 32.86 ], [ 129.066, 32.863 ], [ 129.063, 32.817 ], [ 129.048, 32.833 ], [ 129.04, 32.882 ], [ 129.06, 32.889 ], [ 129.038, 32.909 ], [ 129.068, 32.904 ] ] ], [ [ [ 129.239, 33.0 ], [ 129.222, 33.001 ], [ 129.261, 33.021 ], [ 129.255, 33.0 ], [ 129.234, 32.989 ], [ 129.239, 33.0 ] ] ], [ [ [ 129.115, 33.206 ], [ 129.123, 33.214 ], [ 129.144, 33.192 ], [ 129.125, 33.162 ], [ 129.115, 33.206 ] ] ], [ [ [ 129.033, 33.195 ], [ 129.046, 33.219 ], [ 129.1, 33.212 ], [ 129.08, 33.208 ], [ 129.089, 33.186 ], [ 129.033, 33.195 ] ] ], [ [ [ 129.103, 33.25 ], [ 129.07, 33.271 ], [ 129.134, 33.303 ], [ 129.157, 33.272 ], [ 129.128, 33.247 ], [ 129.103, 33.25 ] ] ], [ [ [ 129.257, 34.292 ], [ 129.28, 34.306 ], [ 129.282, 34.285 ], [ 129.291, 34.278 ], [ 129.289, 34.304 ], [ 129.273, 34.311 ], [ 129.265, 34.321 ], [ 129.267, 34.328 ], [ 129.295, 34.32 ], [ 129.296, 34.3 ], [ 129.301, 34.31 ], [ 129.31, 34.308 ], [ 129.3, 34.297 ], [ 129.305, 34.277 ], [ 129.305, 34.286 ], [ 129.308, 34.289 ], [ 129.307, 34.286 ], [ 129.31, 34.288 ], [ 129.309, 34.284 ], [ 129.314, 34.278 ], [ 129.318, 34.276 ], [ 129.315, 34.299 ], [ 129.348, 34.297 ], [ 129.351, 34.287 ], [ 129.375, 34.294 ], [ 129.394, 34.299 ], [ 129.36, 34.27 ], [ 129.353, 34.279 ], [ 129.353, 34.277 ], [ 129.33, 34.276 ], [ 129.317, 34.261 ], [ 129.326, 34.226 ], [ 129.298, 34.222 ], [ 129.299, 34.195 ], [ 129.289, 34.2 ], [ 129.283, 34.187 ], [ 129.297, 34.187 ], [ 129.296, 34.162 ], [ 129.282, 34.164 ], [ 129.283, 34.131 ], [ 129.254, 34.126 ], [ 129.259, 34.112 ], [ 129.231, 34.113 ], [ 129.214, 34.084 ], [ 129.214, 34.113 ], [ 129.184, 34.119 ], [ 129.168, 34.102 ], [ 129.173, 34.167 ], [ 129.204, 34.331 ], [ 129.228, 34.324 ], [ 129.222, 34.291 ], [ 129.256, 34.312 ], [ 129.257, 34.292 ] ] ], [ [ [ 129.321, 34.333 ], [ 129.327, 34.336 ], [ 129.335, 34.319 ], [ 129.354, 34.318 ], [ 129.351, 34.333 ], [ 129.34, 34.357 ], [ 129.356, 34.373 ], [ 129.334, 34.363 ], [ 129.338, 34.381 ], [ 129.31, 34.337 ], [ 129.309, 34.386 ], [ 129.281, 34.383 ], [ 129.293, 34.373 ], [ 129.278, 34.364 ], [ 129.299, 34.355 ], [ 129.288, 34.339 ], [ 129.227, 34.362 ], [ 129.251, 34.355 ], [ 129.277, 34.373 ], [ 129.274, 34.441 ], [ 129.295, 34.433 ], [ 129.312, 34.45 ], [ 129.304, 34.464 ], [ 129.282, 34.448 ], [ 129.274, 34.469 ], [ 129.318, 34.537 ], [ 129.329, 34.528 ], [ 129.345, 34.532 ], [ 129.308, 34.568 ], [ 129.286, 34.563 ], [ 129.32, 34.647 ], [ 129.397, 34.64 ], [ 129.384, 34.649 ], [ 129.408, 34.678 ], [ 129.435, 34.673 ], [ 129.415, 34.692 ], [ 129.45, 34.707 ], [ 129.498, 34.669 ], [ 129.465, 34.654 ], [ 129.491, 34.645 ], [ 129.48, 34.617 ], [ 129.447, 34.632 ], [ 129.458, 34.613 ], [ 129.44, 34.624 ], [ 129.433, 34.617 ], [ 129.479, 34.595 ], [ 129.474, 34.556 ], [ 129.368, 34.453 ], [ 129.386, 34.428 ], [ 129.369, 34.44 ], [ 129.379, 34.412 ], [ 129.352, 34.386 ], [ 129.399, 34.413 ], [ 129.391, 34.383 ], [ 129.374, 34.389 ], [ 129.393, 34.36 ], [ 129.365, 34.346 ], [ 129.395, 34.335 ], [ 129.364, 34.339 ], [ 129.38, 34.313 ], [ 129.371, 34.323 ], [ 129.361, 34.319 ], [ 129.353, 34.296 ], [ 129.336, 34.316 ], [ 129.334, 34.304 ], [ 129.29, 34.324 ], [ 129.321, 34.333 ] ] ], [ [ [ 129.598, 32.948 ], [ 129.603, 32.95 ], [ 129.625, 32.936 ], [ 129.61, 32.917 ], [ 129.591, 32.936 ], [ 129.595, 32.945 ], [ 129.597, 32.945 ], [ 129.598, 32.948 ] ] ], [ [ [ 129.83, 32.708 ], [ 129.82, 32.695 ], [ 129.837, 32.689 ], [ 129.871, 32.749 ], [ 129.846, 32.72 ], [ 129.815, 32.718 ], [ 129.83, 32.744 ], [ 129.805, 32.744 ], [ 129.814, 32.759 ], [ 129.766, 32.8 ], [ 129.777, 32.819 ], [ 129.746, 32.822 ], [ 129.746, 32.818 ], [ 129.744, 32.817 ], [ 129.74, 32.808 ], [ 129.738, 32.806 ], [ 129.702, 32.831 ], [ 129.652, 32.931 ], [ 129.634, 32.925 ], [ 129.626, 32.978 ], [ 129.662, 33.0 ], [ 129.647, 33.037 ], [ 129.679, 33.062 ], [ 129.66, 33.07 ], [ 129.677, 33.099 ], [ 129.73, 33.075 ], [ 129.727, 33.047 ], [ 129.75, 33.06 ], [ 129.762, 33.049 ], [ 129.733, 33.017 ], [ 129.739, 32.988 ], [ 129.76, 32.993 ], [ 129.764, 33.022 ], [ 129.822, 32.983 ], [ 129.807, 32.961 ], [ 129.819, 32.947 ], [ 129.813, 32.92 ], [ 129.798, 32.923 ], [ 129.798, 32.955 ], [ 129.783, 32.941 ], [ 129.784, 32.908 ], [ 129.811, 32.895 ], [ 129.791, 32.885 ], [ 129.789, 32.867 ], [ 129.848, 32.832 ], [ 129.851, 32.859 ], [ 129.857, 32.847 ], [ 129.869, 32.844 ], [ 129.881, 32.882 ], [ 129.952, 32.863 ], [ 129.976, 32.838 ], [ 130.005, 32.842 ], [ 129.931, 32.924 ], [ 129.928, 32.969 ], [ 129.951, 32.987 ], [ 129.932, 33.027 ], [ 129.875, 33.065 ], [ 129.822, 33.037 ], [ 129.838, 33.059 ], [ 129.798, 33.066 ], [ 129.794, 33.138 ], [ 129.755, 33.147 ], [ 129.731, 33.124 ], [ 129.717, 33.167 ], [ 129.699, 33.16 ], [ 129.712, 33.116 ], [ 129.674, 33.12 ], [ 129.666, 33.102 ], [ 129.657, 33.133 ], [ 129.681, 33.126 ], [ 129.698, 33.142 ], [ 129.671, 33.169 ], [ 129.667, 33.161 ], [ 129.635, 33.167 ], [ 129.656, 33.184 ], [ 129.64, 33.223 ], [ 129.627, 33.187 ], [ 129.622, 33.217 ], [ 129.601, 33.207 ], [ 129.615, 33.224 ], [ 129.596, 33.209 ], [ 129.553, 33.217 ], [ 129.572, 33.274 ], [ 129.592, 33.277 ], [ 129.584, 33.292 ], [ 129.623, 33.31 ], [ 129.587, 33.305 ], [ 129.562, 33.325 ], [ 129.576, 33.332 ], [ 129.569, 33.377 ], [ 129.645, 33.364 ], [ 129.672, 33.399 ], [ 129.678, 33.353 ], [ 129.792, 33.369 ], [ 129.759, 33.291 ], [ 129.814, 33.242 ], [ 129.821, 33.182 ], [ 129.888, 33.156 ], [ 129.943, 33.164 ], [ 129.957, 33.118 ], [ 129.922, 33.09 ], [ 129.94, 33.073 ], [ 129.983, 33.057 ], [ 130.061, 32.986 ], [ 130.203, 32.958 ], [ 130.202, 32.929 ], [ 130.153, 32.899 ], [ 130.184, 32.858 ], [ 130.312, 32.878 ], [ 130.382, 32.78 ], [ 130.343, 32.668 ], [ 130.26, 32.653 ], [ 130.255, 32.629 ], [ 130.219, 32.606 ], [ 130.187, 32.612 ], [ 130.198, 32.602 ], [ 130.181, 32.593 ], [ 130.167, 32.591 ], [ 130.169, 32.621 ], [ 130.13, 32.641 ], [ 130.126, 32.688 ], [ 130.171, 32.692 ], [ 130.21, 32.743 ], [ 130.184, 32.763 ], [ 130.189, 32.788 ], [ 130.146, 32.797 ], [ 130.084, 32.795 ], [ 130.024, 32.758 ], [ 129.955, 32.764 ], [ 129.954, 32.737 ], [ 129.913, 32.713 ], [ 129.896, 32.662 ], [ 129.839, 32.641 ], [ 129.838, 32.621 ], [ 129.781, 32.572 ], [ 129.764, 32.583 ], [ 129.739, 32.569 ], [ 129.742, 32.583 ], [ 129.817, 32.655 ], [ 129.82, 32.685 ], [ 129.803, 32.678 ], [ 129.792, 32.695 ], [ 129.83, 32.708 ] ] ], [ [ [ 129.557, 33.008 ], [ 129.576, 33.021 ], [ 129.564, 33.018 ], [ 129.562, 33.03 ], [ 129.59, 33.022 ], [ 129.557, 33.008 ] ] ], [ [ [ 129.625, 33.035 ], [ 129.609, 33.022 ], [ 129.586, 33.03 ], [ 129.608, 33.065 ], [ 129.638, 33.06 ], [ 129.625, 33.035 ] ] ], [ [ [ 129.758, 33.131 ], [ 129.766, 33.143 ], [ 129.793, 33.138 ], [ 129.786, 33.104 ], [ 129.795, 33.091 ], [ 129.795, 33.086 ], [ 129.793, 33.082 ], [ 129.766, 33.077 ], [ 129.762, 33.081 ], [ 129.77, 33.09 ], [ 129.767, 33.096 ], [ 129.77, 33.099 ], [ 129.768, 33.1 ], [ 129.758, 33.081 ], [ 129.781, 33.062 ], [ 129.766, 33.05 ], [ 129.75, 33.063 ], [ 129.73, 33.102 ], [ 129.754, 33.1 ], [ 129.744, 33.121 ], [ 129.774, 33.126 ], [ 129.758, 33.131 ] ] ], [ [ [ 129.544, 33.152 ], [ 129.551, 33.144 ], [ 129.536, 33.131 ], [ 129.508, 33.138 ], [ 129.544, 33.152 ] ] ], [ [ [ 129.406, 33.193 ], [ 129.407, 33.196 ], [ 129.407, 33.196 ], [ 129.38, 33.208 ], [ 129.382, 33.227 ], [ 129.436, 33.238 ], [ 129.404, 33.265 ], [ 129.447, 33.292 ], [ 129.437, 33.348 ], [ 129.499, 33.355 ], [ 129.512, 33.382 ], [ 129.514, 33.357 ], [ 129.524, 33.355 ], [ 129.525, 33.38 ], [ 129.541, 33.372 ], [ 129.552, 33.381 ], [ 129.518, 33.4 ], [ 129.555, 33.409 ], [ 129.553, 33.369 ], [ 129.57, 33.357 ], [ 129.544, 33.331 ], [ 129.514, 33.33 ], [ 129.532, 33.311 ], [ 129.5, 33.301 ], [ 129.51, 33.288 ], [ 129.493, 33.282 ], [ 129.492, 33.283 ], [ 129.494, 33.283 ], [ 129.492, 33.285 ], [ 129.494, 33.288 ], [ 129.493, 33.291 ], [ 129.476, 33.288 ], [ 129.501, 33.259 ], [ 129.434, 33.191 ], [ 129.375, 33.169 ], [ 129.349, 33.182 ], [ 129.353, 33.204 ], [ 129.4, 33.18 ], [ 129.402, 33.192 ], [ 129.406, 33.193 ] ] ], [ [ [ 129.808, 33.351 ], [ 129.814, 33.4 ], [ 129.8, 33.413 ], [ 129.832, 33.406 ], [ 129.834, 33.384 ], [ 129.859, 33.376 ], [ 129.808, 33.351 ] ] ], [ [ [ 129.437, 33.366 ], [ 129.436, 33.365 ], [ 129.437, 33.362 ], [ 129.437, 33.358 ], [ 129.415, 33.351 ], [ 129.397, 33.361 ], [ 129.423, 33.417 ], [ 129.435, 33.443 ], [ 129.428, 33.422 ], [ 129.434, 33.42 ], [ 129.43, 33.379 ], [ 129.437, 33.366 ] ] ], [ [ [ 129.745, 33.407 ], [ 129.719, 33.417 ], [ 129.745, 33.43 ], [ 129.753, 33.47 ], [ 129.793, 33.43 ], [ 129.763, 33.434 ], [ 129.745, 33.407 ] ] ], [ [ [ 129.553, 33.469 ], [ 129.529, 33.486 ], [ 129.5, 33.472 ], [ 129.53, 33.501 ], [ 129.547, 33.509 ], [ 129.555, 33.489 ], [ 129.584, 33.496 ], [ 129.553, 33.469 ] ] ], [ [ [ 129.689, 33.805 ], [ 129.67, 33.826 ], [ 129.677, 33.848 ], [ 129.705, 33.863 ], [ 129.773, 33.843 ], [ 129.749, 33.807 ], [ 129.799, 33.788 ], [ 129.758, 33.776 ], [ 129.798, 33.763 ], [ 129.789, 33.742 ], [ 129.734, 33.739 ], [ 129.716, 33.704 ], [ 129.677, 33.727 ], [ 129.678, 33.75 ], [ 129.653, 33.738 ], [ 129.642, 33.767 ], [ 129.686, 33.76 ], [ 129.65, 33.807 ], [ 129.689, 33.805 ] ] ] ] } },
{ "type": "Feature", "properties": { "name": "長野県" }, "geometry": { "type": "Polygon", "coordinates": [ [ [ 137.58, 35.198 ], [ 137.546, 35.253 ], [ 137.571, 35.283 ], [ 137.557, 35.309 ], [ 137.604, 35.333 ], [ 137.599, 35.379 ], [ 137.575, 35.4 ], [ 137.635, 35.401 ], [ 137.593, 35.447 ], [ 137.632, 35.47 ], [ 137.632, 35.51 ], [ 137.574, 35.545 ], [ 137.571, 35.584 ], [ 137.538, 35.584 ], [ 137.514, 35.608 ], [ 137.545, 35.651 ], [ 137.497, 35.688 ], [ 137.465, 35.756 ], [ 137.325, 35.817 ], [ 137.381, 35.892 ], [ 137.435, 35.905 ], [ 137.477, 35.894 ], [ 137.543, 35.983 ], [ 137.595, 36.013 ], [ 137.614, 36.076 ], [ 137.555, 36.106 ], [ 137.555, 36.14 ], [ 137.595, 36.172 ], [ 137.573, 36.219 ], [ 137.653, 36.305 ], [ 137.645, 36.342 ], [ 137.587, 36.372 ], [ 137.587, 36.388 ], [ 137.637, 36.428 ], [ 137.669, 36.509 ], [ 137.705, 36.518 ], [ 137.688, 36.562 ], [ 137.751, 36.588 ], [ 137.752, 36.753 ], [ 137.831, 36.808 ], [ 137.876, 36.866 ], [ 137.868, 36.916 ], [ 138.014, 36.904 ], [ 138.032, 36.881 ], [ 138.003, 36.826 ], [ 138.054, 36.8 ], [ 138.112, 36.849 ], [ 138.169, 36.845 ], [ 138.214, 36.871 ], [ 138.255, 36.87 ], [ 138.288, 36.846 ], [ 138.296, 36.911 ], [ 138.343, 36.921 ], [ 138.395, 36.997 ], [ 138.514, 37.03 ], [ 138.566, 37.021 ], [ 138.587, 36.988 ], [ 138.589, 36.914 ], [ 138.693, 36.855 ], [ 138.68, 36.821 ], [ 138.696, 36.808 ], [ 138.669, 36.779 ], [ 138.696, 36.739 ], [ 138.521, 36.694 ], [ 138.529, 36.655 ], [ 138.459, 36.634 ], [ 138.404, 36.521 ], [ 138.401, 36.435 ], [ 138.489, 36.401 ], [ 138.592, 36.424 ], [ 138.648, 36.409 ], [ 138.654, 36.303 ], [ 138.6, 36.278 ], [ 138.636, 36.172 ], [ 138.577, 36.168 ], [ 138.601, 36.136 ], [ 138.645, 36.12 ], [ 138.632, 36.027 ], [ 138.713, 35.985 ], [ 138.739, 35.939 ], [ 138.729, 35.909 ], [ 138.686, 35.894 ], [ 138.676, 35.87 ], [ 138.611, 35.874 ], [ 138.612, 35.909 ], [ 138.591, 35.92 ], [ 138.511, 35.922 ], [ 138.472, 35.896 ], [ 138.444, 35.918 ], [ 138.445, 35.95 ], [ 138.37, 35.971 ], [ 138.284, 35.859 ], [ 138.239, 35.883 ], [ 138.186, 35.796 ], [ 138.237, 35.758 ], [ 138.18, 35.715 ], [ 138.219, 35.645 ], [ 138.189, 35.577 ], [ 138.162, 35.581 ], [ 138.141, 35.555 ], [ 138.159, 35.545 ], [ 138.14, 35.501 ], [ 138.165, 35.494 ], [ 138.157, 35.46 ], [ 138.12, 35.453 ], [ 138.153, 35.397 ], [ 138.141, 35.37 ], [ 138.096, 35.34 ], [ 138.061, 35.347 ], [ 138.02, 35.301 ], [ 137.929, 35.275 ], [ 137.918, 35.254 ], [ 137.895, 35.258 ], [ 137.872, 35.219 ], [ 137.779, 35.203 ], [ 137.76, 35.222 ], [ 137.682, 35.235 ], [ 137.645, 35.209 ], [ 137.58, 35.198 ] ] ] } },
{ "type": "Feature", "properties": { "name": "青森県" }, "geometry": { "type": "Polygon", "coordinates": [ [ [ 140.954, 40.25 ], [ 140.944, 40.296 ], [ 140.962, 40.347 ], [ 140.995, 40.353 ], [ 140.985, 40.427 ], [ 140.892, 40.423 ], [ 140.861, 40.441 ], [ 140.878, 40.511 ], [ 140.82, 40.495 ], [ 140.804, 40.449 ], [ 140.769, 40.454 ], [ 140.734, 40.44 ], [ 140.734, 40.416 ], [ 140.699, 40.429 ], [ 140.653, 40.403 ], [ 140.59, 40.436 ], [ 140.553, 40.421 ], [ 140.567, 40.399 ], [ 140.541, 40.403 ], [ 140.524, 40.411 ], [ 140.53, 40.431 ], [ 140.44, 40.45 ], [ 140.436, 40.48 ], [ 140.388, 40.487 ], [ 140.311, 40.436 ], [ 140.108, 40.436 ], [ 140.094, 40.459 ], [ 140.054, 40.468 ], [ 140.021, 40.449 ], [ 140.019, 40.42 ], [ 139.995, 40.435 ], [ 139.936, 40.428 ], [ 139.94, 40.553 ], [ 139.919, 40.585 ], [ 139.874, 40.582 ], [ 139.86, 40.603 ], [ 139.902, 40.646 ], [ 139.929, 40.643 ], [ 140.0, 40.748 ], [ 140.054, 40.769 ], [ 140.123, 40.743 ], [ 140.257, 40.809 ], [ 140.305, 40.929 ], [ 140.324, 41.067 ], [ 140.298, 41.114 ], [ 140.249, 41.134 ], [ 140.303, 41.131 ], [ 140.322, 41.148 ], [ 140.344, 41.263 ], [ 140.464, 41.182 ], [ 140.55, 41.23 ], [ 140.639, 41.184 ], [ 140.632, 41.098 ], [ 140.661, 40.944 ], [ 140.688, 40.866 ], [ 140.733, 40.83 ], [ 140.798, 40.837 ], [ 140.86, 40.888 ], [ 140.872, 40.944 ], [ 140.838, 40.953 ], [ 140.863, 40.958 ], [ 140.879, 41.01 ], [ 140.949, 40.992 ], [ 140.984, 40.96 ], [ 140.972, 40.935 ], [ 141.064, 40.913 ], [ 141.099, 40.874 ], [ 141.162, 40.889 ], [ 141.222, 40.973 ], [ 141.246, 41.105 ], [ 141.279, 41.158 ], [ 141.248, 41.224 ], [ 141.189, 41.279 ], [ 141.159, 41.278 ], [ 141.133, 41.244 ], [ 141.156, 41.263 ], [ 141.154, 41.243 ], [ 141.056, 41.183 ], [ 140.98, 41.199 ], [ 140.945, 41.174 ], [ 140.855, 41.161 ], [ 140.811, 41.128 ], [ 140.764, 41.146 ], [ 140.801, 41.328 ], [ 140.838, 41.42 ], [ 140.909, 41.494 ], [ 140.909, 41.508 ], [ 140.901, 41.511 ], [ 140.906, 41.514 ], [ 140.902, 41.515 ], [ 140.905, 41.516 ], [ 140.899, 41.522 ], [ 140.899, 41.524 ], [ 140.897, 41.526 ], [ 140.897, 41.526 ], [ 140.897, 41.527 ], [ 140.908, 41.544 ], [ 140.919, 41.547 ], [ 141.002, 41.486 ], [ 141.113, 41.463 ], [ 141.193, 41.387 ], [ 141.272, 41.354 ], [ 141.357, 41.364 ], [ 141.465, 41.43 ], [ 141.391, 41.178 ], [ 141.394, 40.937 ], [ 141.376, 40.936 ], [ 141.4, 40.926 ], [ 141.425, 40.707 ], [ 141.482, 40.569 ], [ 141.528, 40.559 ], [ 141.492, 40.566 ], [ 141.487, 40.557 ], [ 141.535, 40.527 ], [ 141.576, 40.543 ], [ 141.683, 40.451 ], [ 141.587, 40.407 ], [ 141.586, 40.378 ], [ 141.537, 40.347 ], [ 141.442, 40.376 ], [ 141.351, 40.331 ], [ 141.316, 40.373 ], [ 141.218, 40.315 ], [ 141.1, 40.281 ], [ 141.104, 40.256 ], [ 141.016, 40.218 ], [ 140.979, 40.22 ], [ 140.954, 40.25 ] ] ] } },
{ "type": "Feature", "properties": { "name": "静岡県" }, "geometry": { "type": "Polygon", "coordinates": [ [ [ 138.227, 34.595 ], [ 137.974, 34.665 ], [ 137.8, 34.646 ], [ 137.582, 34.68 ], [ 137.485, 34.674 ], [ 137.477, 34.775 ], [ 137.5, 34.831 ], [ 137.587, 34.85 ], [ 137.641, 34.893 ], [ 137.659, 34.944 ], [ 137.707, 34.972 ], [ 137.717, 35.035 ], [ 137.801, 35.106 ], [ 137.793, 35.135 ], [ 137.829, 35.152 ], [ 137.803, 35.183 ], [ 137.828, 35.211 ], [ 137.874, 35.219 ], [ 137.884, 35.25 ], [ 137.918, 35.254 ], [ 137.929, 35.275 ], [ 138.02, 35.301 ], [ 138.061, 35.347 ], [ 138.096, 35.34 ], [ 138.141, 35.37 ], [ 138.153, 35.397 ], [ 138.12, 35.453 ], [ 138.157, 35.46 ], [ 138.165, 35.494 ], [ 138.14, 35.501 ], [ 138.159, 35.545 ], [ 138.141, 35.555 ], [ 138.162, 35.581 ], [ 138.189, 35.577 ], [ 138.219, 35.645 ], [ 138.269, 35.514 ], [ 138.244, 35.459 ], [ 138.258, 35.407 ], [ 138.232, 35.371 ], [ 138.251, 35.364 ], [ 138.249, 35.332 ], [ 138.284, 35.304 ], [ 138.326, 35.328 ], [ 138.358, 35.318 ], [ 138.394, 35.207 ], [ 138.433, 35.18 ], [ 138.491, 35.168 ], [ 138.533, 35.201 ], [ 138.512, 35.314 ], [ 138.535, 35.331 ], [ 138.532, 35.409 ], [ 138.582, 35.446 ], [ 138.609, 35.393 ], [ 138.664, 35.398 ], [ 138.681, 35.358 ], [ 139.0, 35.402 ], [ 139.019, 35.329 ], [ 138.975, 35.264 ], [ 138.976, 35.236 ], [ 139.029, 35.15 ], [ 139.112, 35.141 ], [ 139.077, 35.098 ], [ 139.069, 35.053 ], [ 139.101, 35.045 ], [ 139.1, 35.009 ], [ 139.083, 35.001 ], [ 139.094, 34.978 ], [ 139.128, 34.969 ], [ 139.149, 34.936 ], [ 139.141, 34.891 ], [ 139.083, 34.854 ], [ 139.048, 34.768 ], [ 138.997, 34.743 ], [ 138.973, 34.691 ], [ 138.987, 34.658 ], [ 138.958, 34.653 ], [ 138.964, 34.673 ], [ 138.948, 34.674 ], [ 138.843, 34.601 ], [ 138.777, 34.64 ], [ 138.79, 34.67 ], [ 138.739, 34.69 ], [ 138.739, 34.727 ], [ 138.777, 34.757 ], [ 138.751, 34.821 ], [ 138.769, 34.823 ], [ 138.76, 34.843 ], [ 138.776, 34.853 ], [ 138.753, 34.868 ], [ 138.757, 34.886 ], [ 138.79, 34.908 ], [ 138.762, 34.969 ], [ 138.777, 34.97 ], [ 138.779, 35.017 ], [ 138.788, 35.031 ], [ 138.892, 35.017 ], [ 138.907, 35.048 ], [ 138.886, 35.046 ], [ 138.814, 35.114 ], [ 138.686, 35.145 ], [ 138.698, 35.134 ], [ 138.557, 35.102 ], [ 138.524, 35.043 ], [ 138.508, 35.044 ], [ 138.508, 35.033 ], [ 138.501, 35.036 ], [ 138.502, 35.031 ], [ 138.497, 35.035 ], [ 138.495, 35.032 ], [ 138.493, 35.03 ], [ 138.504, 34.986 ], [ 138.512, 34.993 ], [ 138.501, 35.002 ], [ 138.504, 35.015 ], [ 138.533, 35.015 ], [ 138.516, 34.985 ], [ 138.356, 34.914 ], [ 138.324, 34.873 ], [ 138.337, 34.828 ], [ 138.289, 34.781 ], [ 138.306, 34.777 ], [ 138.218, 34.717 ], [ 138.196, 34.666 ], [ 138.196, 34.635 ], [ 138.234, 34.605 ], [ 138.227, 34.595 ] ] ] } },
{ "type": "Feature", "properties": { "name": "香川県" }, "geometry": { "type": "MultiPolygon", "coordinates": [ [ [ [ 133.649, 34.193 ], [ 133.557, 34.262 ], [ 133.622, 34.236 ], [ 133.673, 34.247 ], [ 133.674, 34.222 ], [ 133.736, 34.262 ], [ 133.738, 34.264 ], [ 133.73, 34.272 ], [ 133.73, 34.273 ], [ 133.732, 34.272 ], [ 133.731, 34.279 ], [ 133.736, 34.283 ], [ 133.773, 34.288 ], [ 133.762, 34.3 ], [ 133.768, 34.305 ], [ 133.793, 34.294 ], [ 133.789, 34.308 ], [ 133.827, 34.32 ], [ 133.819, 34.353 ], [ 133.841, 34.361 ], [ 133.829, 34.342 ], [ 133.854, 34.361 ], [ 133.858, 34.346 ], [ 133.831, 34.331 ], [ 133.864, 34.327 ], [ 133.895, 34.355 ], [ 133.891, 34.38 ], [ 133.928, 34.39 ], [ 133.966, 34.362 ], [ 133.976, 34.373 ], [ 134.029, 34.349 ], [ 134.052, 34.362 ], [ 134.06, 34.348 ], [ 134.064, 34.365 ], [ 134.086, 34.352 ], [ 134.092, 34.385 ], [ 134.115, 34.359 ], [ 134.122, 34.361 ], [ 134.119, 34.397 ], [ 134.137, 34.4 ], [ 134.164, 34.382 ], [ 134.165, 34.327 ], [ 134.191, 34.331 ], [ 134.185, 34.334 ], [ 134.183, 34.353 ], [ 134.211, 34.347 ], [ 134.211, 34.369 ], [ 134.234, 34.337 ], [ 134.25, 34.352 ], [ 134.266, 34.336 ], [ 134.246, 34.307 ], [ 134.258, 34.285 ], [ 134.343, 34.252 ], [ 134.379, 34.262 ], [ 134.44, 34.208 ], [ 134.414, 34.157 ], [ 134.356, 34.185 ], [ 134.298, 34.169 ], [ 134.266, 34.183 ], [ 134.174, 34.177 ], [ 134.146, 34.165 ], [ 134.122, 34.119 ], [ 134.051, 34.118 ], [ 133.994, 34.073 ], [ 133.946, 34.092 ], [ 133.939, 34.115 ], [ 133.859, 34.105 ], [ 133.823, 34.093 ], [ 133.818, 34.072 ], [ 133.778, 34.079 ], [ 133.709, 34.015 ], [ 133.6, 34.042 ], [ 133.631, 34.06 ], [ 133.649, 34.193 ] ] ], [ [ [ 133.73, 34.368 ], [ 133.692, 34.357 ], [ 133.691, 34.379 ], [ 133.715, 34.4 ], [ 133.73, 34.368 ] ] ], [ [ [ 133.768, 34.371 ], [ 133.758, 34.37 ], [ 133.753, 34.399 ], [ 133.795, 34.389 ], [ 133.768, 34.371 ] ] ], [ [ [ 133.966, 34.477 ], [ 134.0, 34.454 ], [ 134.013, 34.453 ], [ 133.982, 34.445 ], [ 133.966, 34.477 ] ] ], [ [ [ 134.036, 34.481 ], [ 134.082, 34.5 ], [ 134.105, 34.487 ], [ 134.085, 34.46 ], [ 134.036, 34.481 ] ] ], [ [ [ 134.185, 34.487 ], [ 134.19, 34.485 ], [ 134.191, 34.484 ], [ 134.193, 34.481 ], [ 134.141, 34.47 ], [ 134.157, 34.493 ], [ 134.167, 34.494 ], [ 134.185, 34.487 ] ] ], [ [ [ 134.167, 34.525 ], [ 134.187, 34.516 ], [ 134.264, 34.553 ], [ 134.367, 34.561 ], [ 134.344, 34.545 ], [ 134.362, 34.542 ], [ 134.338, 34.433 ], [ 134.32, 34.458 ], [ 134.281, 34.444 ], [ 134.284, 34.461 ], [ 134.317, 34.46 ], [ 134.296, 34.48 ], [ 134.231, 34.417 ], [ 134.233, 34.477 ], [ 134.156, 34.505 ], [ 134.167, 34.525 ] ] ] ] } },
{ "type": "Feature", "properties": { "name": "高知県" }, "geometry": { "type": "MultiPolygon", "coordinates": [ [ [ [ 132.546, 32.755 ], [ 132.569, 32.739 ], [ 132.573, 32.717 ], [ 132.543, 32.703 ], [ 132.544, 32.75 ], [ 132.546, 32.755 ] ] ], [ [ [ 132.966, 32.729 ], [ 132.972, 32.747 ], [ 132.953, 32.762 ], [ 132.958, 32.772 ], [ 132.966, 32.774 ], [ 132.97, 32.776 ], [ 132.97, 32.778 ], [ 132.956, 32.779 ], [ 132.945, 32.765 ], [ 132.938, 32.787 ], [ 132.879, 32.79 ], [ 132.879, 32.77 ], [ 132.868, 32.766 ], [ 132.862, 32.791 ], [ 132.802, 32.747 ], [ 132.757, 32.753 ], [ 132.711, 32.799 ], [ 132.629, 32.763 ], [ 132.644, 32.787 ], [ 132.627, 32.797 ], [ 132.656, 32.801 ], [ 132.644, 32.82 ], [ 132.674, 32.84 ], [ 132.657, 32.854 ], [ 132.696, 32.887 ], [ 132.721, 32.878 ], [ 132.704, 32.896 ], [ 132.722, 32.899 ], [ 132.708, 32.926 ], [ 132.656, 32.924 ], [ 132.691, 32.974 ], [ 132.658, 33.057 ], [ 132.664, 33.108 ], [ 132.615, 33.169 ], [ 132.636, 33.186 ], [ 132.696, 33.138 ], [ 132.741, 33.201 ], [ 132.776, 33.206 ], [ 132.772, 33.241 ], [ 132.793, 33.275 ], [ 132.898, 33.314 ], [ 132.9, 33.344 ], [ 132.836, 33.4 ], [ 132.809, 33.465 ], [ 133.015, 33.481 ], [ 133.064, 33.543 ], [ 133.047, 33.576 ], [ 133.08, 33.609 ], [ 133.075, 33.651 ], [ 133.117, 33.66 ], [ 133.193, 33.794 ], [ 133.237, 33.783 ], [ 133.282, 33.832 ], [ 133.326, 33.815 ], [ 133.415, 33.84 ], [ 133.499, 33.829 ], [ 133.551, 33.882 ], [ 133.583, 33.868 ], [ 133.661, 33.882 ], [ 133.677, 33.859 ], [ 133.748, 33.837 ], [ 133.838, 33.845 ], [ 133.913, 33.791 ], [ 133.985, 33.841 ], [ 133.997, 33.821 ], [ 134.033, 33.828 ], [ 134.058, 33.781 ], [ 134.07, 33.712 ], [ 134.058, 33.691 ], [ 134.175, 33.684 ], [ 134.184, 33.649 ], [ 134.149, 33.627 ], [ 134.193, 33.562 ], [ 134.307, 33.554 ], [ 134.209, 33.396 ], [ 134.213, 33.382 ], [ 134.187, 33.262 ], [ 134.177, 33.243 ], [ 134.149, 33.286 ], [ 134.111, 33.294 ], [ 134.103, 33.327 ], [ 134.037, 33.371 ], [ 134.031, 33.412 ], [ 133.958, 33.442 ], [ 133.935, 33.487 ], [ 133.77, 33.514 ], [ 133.745, 33.537 ], [ 133.566, 33.501 ], [ 133.573, 33.537 ], [ 133.553, 33.541 ], [ 133.546, 33.517 ], [ 133.559, 33.498 ], [ 133.564, 33.496 ], [ 133.568, 33.499 ], [ 133.578, 33.501 ], [ 133.583, 33.501 ], [ 133.575, 33.496 ], [ 133.457, 33.443 ], [ 133.398, 33.445 ], [ 133.405, 33.432 ], [ 133.368, 33.43 ], [ 133.35, 33.416 ], [ 133.404, 33.415 ], [ 133.417, 33.44 ], [ 133.461, 33.432 ], [ 133.457, 33.42 ], [ 133.406, 33.397 ], [ 133.346, 33.401 ], [ 133.319, 33.355 ], [ 133.324, 33.379 ], [ 133.299, 33.374 ], [ 133.305, 33.391 ], [ 133.29, 33.405 ], [ 133.296, 33.39 ], [ 133.259, 33.366 ], [ 133.264, 33.341 ], [ 133.232, 33.327 ], [ 133.261, 33.31 ], [ 133.239, 33.297 ], [ 133.264, 33.257 ], [ 133.248, 33.25 ], [ 133.241, 33.197 ], [ 133.211, 33.185 ], [ 133.223, 33.153 ], [ 133.193, 33.168 ], [ 133.171, 33.15 ], [ 133.143, 33.098 ], [ 133.105, 33.073 ], [ 133.096, 33.025 ], [ 133.044, 33.039 ], [ 133.008, 33.011 ], [ 132.993, 32.952 ], [ 133.009, 32.881 ], [ 132.949, 32.857 ], [ 132.952, 32.813 ], [ 133.018, 32.762 ], [ 133.023, 32.727 ], [ 133.0, 32.724 ], [ 132.966, 32.729 ] ] ] ] } },
{ "type": "Feature", "properties": { "name": "鳥取県" }, "geometry": { "type": "Polygon", "coordinates": [ [ [ 133.256, 35.07 ], [ 133.136, 35.071 ], [ 133.148, 35.14 ], [ 133.195, 35.17 ], [ 133.153, 35.219 ], [ 133.311, 35.268 ], [ 133.293, 35.321 ], [ 133.325, 35.374 ], [ 133.322, 35.408 ], [ 133.222, 35.48 ], [ 133.198, 35.529 ], [ 133.222, 35.548 ], [ 133.272, 35.552 ], [ 133.245, 35.531 ], [ 133.294, 35.477 ], [ 133.402, 35.453 ], [ 133.447, 35.495 ], [ 133.564, 35.531 ], [ 133.781, 35.501 ], [ 133.925, 35.51 ], [ 134.008, 35.538 ], [ 134.034, 35.518 ], [ 134.196, 35.533 ], [ 134.187, 35.54 ], [ 134.192, 35.547 ], [ 134.269, 35.559 ], [ 134.294, 35.589 ], [ 134.37, 35.615 ], [ 134.422, 35.563 ], [ 134.413, 35.515 ], [ 134.431, 35.502 ], [ 134.44, 35.443 ], [ 134.48, 35.427 ], [ 134.472, 35.378 ], [ 134.514, 35.353 ], [ 134.502, 35.327 ], [ 134.515, 35.277 ], [ 134.463, 35.237 ], [ 134.435, 35.229 ], [ 134.39, 35.252 ], [ 134.321, 35.202 ], [ 134.26, 35.211 ], [ 134.177, 35.169 ], [ 134.153, 35.196 ], [ 134.164, 35.228 ], [ 134.137, 35.239 ], [ 134.151, 35.258 ], [ 134.14, 35.279 ], [ 134.098, 35.306 ], [ 134.008, 35.308 ], [ 134.015, 35.35 ], [ 133.934, 35.335 ], [ 133.925, 35.307 ], [ 133.862, 35.293 ], [ 133.866, 35.272 ], [ 133.832, 35.249 ], [ 133.8, 35.293 ], [ 133.745, 35.32 ], [ 133.597, 35.345 ], [ 133.561, 35.247 ], [ 133.506, 35.228 ], [ 133.526, 35.183 ], [ 133.501, 35.193 ], [ 133.448, 35.171 ], [ 133.407, 35.186 ], [ 133.393, 35.168 ], [ 133.413, 35.133 ], [ 133.403, 35.114 ], [ 133.326, 35.093 ], [ 133.299, 35.104 ], [ 133.289, 35.069 ], [ 133.256, 35.07 ] ] ] } },
{ "type": "Feature", "properties": { "name": "鹿児島県" }, "geometry": { "type": "MultiPolygon", "coordinates": [ [ [ [ 128.398, 27.038 ], [ 128.434, 27.068 ], [ 128.458, 27.025 ], [ 128.425, 27.022 ], [ 128.398, 27.038 ] ] ], [ [ [ 128.607, 27.344 ], [ 128.549, 27.333 ], [ 128.52, 27.373 ], [ 128.531, 27.404 ], [ 128.595, 27.397 ], [ 128.711, 27.439 ], [ 128.607, 27.344 ] ] ], [ [ [ 128.879, 27.827 ], [ 128.882, 27.846 ], [ 128.9, 27.893 ], [ 128.971, 27.893 ], [ 128.976, 27.872 ], [ 128.956, 27.862 ], [ 128.972, 27.855 ], [ 128.969, 27.818 ], [ 129.037, 27.76 ], [ 128.987, 27.67 ], [ 128.925, 27.667 ], [ 128.881, 27.723 ], [ 128.907, 27.763 ], [ 128.889, 27.787 ], [ 128.894, 27.812 ], [ 128.879, 27.827 ] ] ], [ [ [ 129.268, 28.036 ], [ 129.265, 28.011 ], [ 129.25, 28.017 ], [ 129.212, 28.023 ], [ 129.214, 28.055 ], [ 129.234, 28.031 ], [ 129.268, 28.036 ] ] ], [ [ [ 129.148, 28.05 ], [ 129.172, 28.069 ], [ 129.166, 28.021 ], [ 129.146, 28.016 ], [ 129.148, 28.05 ] ] ], [ [ [ 129.25, 28.111 ], [ 129.215, 28.077 ], [ 129.22, 28.14 ], [ 129.195, 28.145 ], [ 129.176, 28.188 ], [ 129.232, 28.198 ], [ 129.242, 28.186 ], [ 129.203, 28.181 ], [ 129.212, 28.164 ], [ 129.241, 28.151 ], [ 129.258, 28.174 ], [ 129.274, 28.158 ], [ 129.245, 28.149 ], [ 129.261, 28.144 ], [ 129.245, 28.122 ], [ 129.275, 28.142 ], [ 129.26, 28.117 ], [ 129.354, 28.109 ], [ 129.318, 28.062 ], [ 129.319, 28.083 ], [ 129.321, 28.097 ], [ 129.293, 28.091 ], [ 129.289, 28.065 ], [ 129.275, 28.066 ], [ 129.25, 28.111 ] ] ], [ [ [ 129.18, 28.297 ], [ 129.204, 28.302 ], [ 129.222, 28.284 ], [ 129.194, 28.284 ], [ 129.18, 28.297 ] ] ], [ [ [ 129.294, 28.223 ], [ 129.262, 28.215 ], [ 129.277, 28.232 ], [ 129.254, 28.233 ], [ 129.247, 28.204 ], [ 129.134, 28.254 ], [ 129.181, 28.271 ], [ 129.212, 28.253 ], [ 129.227, 28.274 ], [ 129.247, 28.253 ], [ 129.274, 28.261 ], [ 129.294, 28.284 ], [ 129.249, 28.274 ], [ 129.211, 28.307 ], [ 129.314, 28.333 ], [ 129.31, 28.349 ], [ 129.339, 28.369 ], [ 129.367, 28.355 ], [ 129.389, 28.374 ], [ 129.4, 28.356 ], [ 129.405, 28.364 ], [ 129.411, 28.362 ], [ 129.411, 28.364 ], [ 129.395, 28.386 ], [ 129.447, 28.38 ], [ 129.463, 28.414 ], [ 129.479, 28.4 ], [ 129.49, 28.413 ], [ 129.499, 28.382 ], [ 129.523, 28.401 ], [ 129.518, 28.441 ], [ 129.544, 28.463 ], [ 129.56, 28.448 ], [ 129.622, 28.478 ], [ 129.59, 28.414 ], [ 129.621, 28.451 ], [ 129.62, 28.418 ], [ 129.646, 28.434 ], [ 129.654, 28.422 ], [ 129.648, 28.468 ], [ 129.666, 28.439 ], [ 129.674, 28.462 ], [ 129.646, 28.501 ], [ 129.69, 28.531 ], [ 129.694, 28.49 ], [ 129.719, 28.474 ], [ 129.71, 28.422 ], [ 129.665, 28.398 ], [ 129.613, 28.401 ], [ 129.565, 28.335 ], [ 129.533, 28.327 ], [ 129.541, 28.308 ], [ 129.461, 28.297 ], [ 129.444, 28.246 ], [ 129.408, 28.25 ], [ 129.477, 28.212 ], [ 129.404, 28.192 ], [ 129.401, 28.154 ], [ 129.338, 28.17 ], [ 129.365, 28.151 ], [ 129.375, 28.112 ], [ 129.359, 28.136 ], [ 129.296, 28.148 ], [ 129.283, 28.197 ], [ 129.263, 28.183 ], [ 129.294, 28.223 ] ] ], [ [ [ 129.22, 29.158 ], [ 129.222, 29.128 ], [ 129.202, 29.137 ], [ 129.191, 29.149 ], [ 129.22, 29.158 ] ] ], [ [ [ 129.601, 29.476 ], [ 129.62, 29.45 ], [ 129.596, 29.445 ], [ 129.591, 29.458 ], [ 129.601, 29.476 ] ] ], [ [ [ 129.708, 29.667 ], [ 129.743, 29.669 ], [ 129.734, 29.628 ], [ 129.701, 29.602 ], [ 129.684, 29.652 ], [ 129.708, 29.667 ] ] ], [ [ [ 129.771, 31.715 ], [ 129.739, 31.705 ], [ 129.725, 31.67 ], [ 129.738, 31.656 ], [ 129.714, 31.622 ], [ 129.707, 31.637 ], [ 129.689, 31.621 ], [ 129.665, 31.634 ], [ 129.658, 31.659 ], [ 129.677, 31.667 ], [ 129.697, 31.717 ], [ 129.776, 31.741 ], [ 129.782, 31.79 ], [ 129.803, 31.785 ], [ 129.771, 31.715 ] ] ], [ [ [ 129.811, 31.799 ], [ 129.84, 31.819 ], [ 129.845, 31.798 ], [ 129.816, 31.781 ], [ 129.811, 31.799 ] ] ], [ [ [ 129.943, 28.275 ], [ 129.913, 28.312 ], [ 129.957, 28.333 ], [ 130.009, 28.376 ], [ 130.033, 28.369 ], [ 129.979, 28.289 ], [ 129.943, 28.275 ] ] ], [ [ [ 129.853, 29.833 ], [ 129.835, 29.865 ], [ 129.867, 29.883 ], [ 129.918, 29.822 ], [ 129.87, 29.817 ], [ 129.853, 29.833 ] ] ], [ [ [ 129.945, 29.967 ], [ 129.944, 29.952 ], [ 129.905, 29.965 ], [ 129.911, 30.0 ], [ 129.945, 29.967 ] ] ], [ [ [ 130.42, 30.397 ], [ 130.464, 30.457 ], [ 130.494, 30.455 ], [ 130.498, 30.47 ], [ 130.499, 30.453 ], [ 130.544, 30.447 ], [ 130.672, 30.375 ], [ 130.656, 30.312 ], [ 130.658, 30.311 ], [ 130.659, 30.314 ], [ 130.664, 30.316 ], [ 130.667, 30.316 ], [ 130.604, 30.252 ], [ 130.5, 30.231 ], [ 130.443, 30.236 ], [ 130.413, 30.266 ], [ 130.376, 30.383 ], [ 130.42, 30.397 ] ] ], [ [ [ 130.143, 30.49 ], [ 130.25, 30.454 ], [ 130.264, 30.434 ], [ 130.21, 30.422 ], [ 130.195, 30.462 ], [ 130.169, 30.457 ], [ 130.143, 30.49 ] ] ], [ [ [ 130.944, 30.567 ], [ 130.94, 30.669 ], [ 130.994, 30.726 ], [ 131.003, 30.785 ], [ 131.057, 30.84 ], [ 131.083, 30.783 ], [ 131.079, 30.696 ], [ 131.05, 30.65 ], [ 131.055, 30.605 ], [ 130.963, 30.48 ], [ 130.98, 30.435 ], [ 130.966, 30.374 ], [ 130.875, 30.346 ], [ 130.858, 30.369 ], [ 130.866, 30.41 ], [ 130.849, 30.467 ], [ 130.874, 30.468 ], [ 130.944, 30.567 ] ] ], [ [ [ 130.841, 30.75 ], [ 130.86, 30.764 ], [ 130.861, 30.727 ], [ 130.837, 30.728 ], [ 130.841, 30.75 ] ] ], [ [ [ 130.266, 30.793 ], [ 130.303, 30.808 ], [ 130.322, 30.792 ], [ 130.267, 30.78 ], [ 130.266, 30.793 ] ] ], [ [ [ 129.939, 30.852 ], [ 129.965, 30.831 ], [ 129.93, 30.812 ], [ 129.905, 30.833 ], [ 129.939, 30.852 ] ] ], [ [ [ 130.753, 31.211 ], [ 130.79, 31.251 ], [ 130.803, 31.336 ], [ 130.756, 31.425 ], [ 130.688, 31.478 ], [ 130.699, 31.555 ], [ 130.638, 31.545 ], [ 130.591, 31.589 ], [ 130.625, 31.62 ], [ 130.679, 31.629 ], [ 130.717, 31.603 ], [ 130.71, 31.567 ], [ 130.721, 31.566 ], [ 130.724, 31.562 ], [ 130.721, 31.564 ], [ 130.707, 31.557 ], [ 130.763, 31.562 ], [ 130.822, 31.65 ], [ 130.817, 31.674 ], [ 130.794, 31.702 ], [ 130.734, 31.707 ], [ 130.731, 31.724 ], [ 130.69, 31.735 ], [ 130.628, 31.714 ], [ 130.61, 31.682 ], [ 130.619, 31.658 ], [ 130.563, 31.597 ], [ 130.563, 31.553 ], [ 130.52, 31.506 ], [ 130.538, 31.502 ], [ 130.531, 31.484 ], [ 130.515, 31.494 ], [ 130.519, 31.471 ], [ 130.546, 31.479 ], [ 130.513, 31.462 ], [ 130.525, 31.41 ], [ 130.558, 31.386 ], [ 130.542, 31.385 ], [ 130.565, 31.322 ], [ 130.625, 31.275 ], [ 130.668, 31.267 ], [ 130.65, 31.245 ], [ 130.658, 31.22 ], [ 130.63, 31.211 ], [ 130.648, 31.203 ], [ 130.635, 31.185 ], [ 130.596, 31.18 ], [ 130.587, 31.155 ], [ 130.554, 31.179 ], [ 130.522, 31.164 ], [ 130.508, 31.214 ], [ 130.459, 31.251 ], [ 130.354, 31.25 ], [ 130.288, 31.27 ], [ 130.293, 31.261 ], [ 130.278, 31.246 ], [ 130.237, 31.26 ], [ 130.216, 31.248 ], [ 130.229, 31.281 ], [ 130.199, 31.295 ], [ 130.226, 31.309 ], [ 130.173, 31.324 ], [ 130.21, 31.348 ], [ 130.108, 31.418 ], [ 130.135, 31.413 ], [ 130.16, 31.44 ], [ 130.187, 31.41 ], [ 130.187, 31.426 ], [ 130.193, 31.43 ], [ 130.194, 31.408 ], [ 130.251, 31.412 ], [ 130.309, 31.482 ], [ 130.335, 31.579 ], [ 130.317, 31.658 ], [ 130.252, 31.71 ], [ 130.251, 31.732 ], [ 130.212, 31.756 ], [ 130.189, 31.746 ], [ 130.166, 31.794 ], [ 130.198, 31.851 ], [ 130.182, 31.855 ], [ 130.182, 31.855 ], [ 130.198, 31.851 ], [ 130.224, 31.907 ], [ 130.204, 31.983 ], [ 130.173, 31.992 ], [ 130.208, 32.059 ], [ 130.193, 32.084 ], [ 130.171, 32.078 ], [ 130.175, 32.105 ], [ 130.208, 32.124 ], [ 130.268, 32.129 ], [ 130.31, 32.108 ], [ 130.352, 32.136 ], [ 130.361, 32.169 ], [ 130.402, 32.12 ], [ 130.454, 32.113 ], [ 130.477, 32.139 ], [ 130.583, 32.155 ], [ 130.592, 32.186 ], [ 130.61, 32.187 ], [ 130.623, 32.156 ], [ 130.721, 32.101 ], [ 130.703, 32.058 ], [ 130.777, 32.016 ], [ 130.8, 31.95 ], [ 130.866, 31.934 ], [ 130.914, 31.886 ], [ 130.875, 31.843 ], [ 130.877, 31.816 ], [ 130.99, 31.778 ], [ 130.979, 31.752 ], [ 131.017, 31.747 ], [ 131.026, 31.667 ], [ 131.054, 31.633 ], [ 131.079, 31.66 ], [ 131.118, 31.629 ], [ 131.164, 31.639 ], [ 131.189, 31.622 ], [ 131.205, 31.58 ], [ 131.189, 31.558 ], [ 131.2, 31.515 ], [ 131.17, 31.5 ], [ 131.16, 31.462 ], [ 131.109, 31.476 ], [ 131.091, 31.449 ], [ 131.067, 31.452 ], [ 131.016, 31.38 ], [ 131.019, 31.356 ], [ 131.109, 31.331 ], [ 131.073, 31.292 ], [ 131.077, 31.271 ], [ 131.13, 31.277 ], [ 131.065, 31.227 ], [ 131.017, 31.228 ], [ 130.963, 31.138 ], [ 130.874, 31.095 ], [ 130.793, 31.082 ], [ 130.658, 31.0 ], [ 130.679, 31.053 ], [ 130.653, 31.071 ], [ 130.744, 31.132 ], [ 130.767, 31.181 ], [ 130.753, 31.211 ] ] ], [ [ [ 129.843, 31.857 ], [ 129.844, 31.87 ], [ 129.835, 31.838 ], [ 129.821, 31.844 ], [ 129.835, 31.882 ], [ 129.911, 31.843 ], [ 129.905, 31.868 ], [ 129.94, 31.869 ], [ 129.923, 31.864 ], [ 129.925, 31.82 ], [ 129.904, 31.825 ], [ 129.872, 31.801 ], [ 129.863, 31.833 ], [ 129.845, 31.83 ], [ 129.841, 31.853 ], [ 129.859, 31.852 ], [ 129.865, 31.86 ], [ 129.843, 31.857 ] ] ], [ [ [ 130.146, 32.217 ], [ 130.175, 32.229 ], [ 130.201, 32.198 ], [ 130.186, 32.164 ], [ 130.205, 32.17 ], [ 130.209, 32.154 ], [ 130.171, 32.134 ], [ 130.163, 32.09 ], [ 130.125, 32.117 ], [ 130.091, 32.182 ], [ 130.122, 32.2 ], [ 130.107, 32.215 ], [ 130.155, 32.197 ], [ 130.146, 32.217 ] ] ], [ [ [ 130.269, 32.28 ], [ 130.215, 32.25 ], [ 130.215, 32.284 ], [ 130.25, 32.304 ], [ 130.269, 32.28 ] ] ] ] } }
]
}
